ID,No.,Type,Star,Name,Doll ID,Doll,Damage,Accuracy,Evasion,Move Speed,Rate of Fire,Crit.Rate,Crit.Damage,Armor Pen.,Armor,Shield,Damage Amplify,Damage Reduction,Night View,Rounds,Equip Exp,Equip Level,EQUIP_INFO_ADJUST_MAX,Adjust Count,Locked
19865559,39,T Exo (Body),★★★★,IOP T3 Exoskeleton,-,-,-5,-,22,-,-,-,-,-,-,-,-,-,-,-,5000,10,MAX,5,
20086129,57,X Exo (Body),★★★★,IOP X3 Exoskeleton,-,-,-,-,7,-,-,-,-,-,-,-,-,-,-,-,50,0,MAX,1,
20240074,19,AP (Ammo),★★★★,Mk169 Armor-Piercing Ammo,-,-,-,-,-,-,-,-,-,100,-,-,-,-,-,-,0,0,MAX,3,Locked
20305478,15,PEQ (Acc),★★★★,PEQ-15,-,-,-,-,-,-,-,-,-,-,-,-,-,-,79.6882%,-,0,0,,0,Locked
20324010,3,Optical (Acc),★★★★,PSO-1,-,-,-,-,-,-,-,32%,-,-,-,-,-,-,-,-,5000,10,MAX,6,
20324014,57,X Exo (Body),★★★★,IOP X3 Exoskeleton,-,-,-,-,7,-,-,-,-,-,-,-,-,-,-,-,0,0,MAX,3,
20343553,65,Supp (Silencer),★★★★,AC3 Suppressor,-,-,-,-,7,-,-,14%,-,-,-,-,-,-,-,-,5000,10,MAX,6,Locked
20378702,59,Sp. Eq (Exclusive),★★★★★,National Match-Grade Armor-Piercing Ammo,104526281,Springfield,-,-,-,-,10,-,-,195,-,-,-,-,-,-,30000,10,MAX,26,Locked
20385708,3,Optical (Acc),★★★★,PSO-1,-,-,-,-,-,-,-,32%,-,-,-,-,-,-,-,-,5000,10,MAX,9,
20520634,19,AP (Ammo),★★★★,Mk169 Armor-Piercing Ammo,-,-,-,-,-,-,-,-,-,100,-,-,-,-,-,-,1,0,MAX,0,Locked
20520635,19,AP (Ammo),★★★★,Mk169 Armor-Piercing Ammo,-,-,-,-,-,-,-,-,-,150,-,-,-,-,-,-,5000,10,MAX,0,Locked
20520636,57,X Exo (Body),★★★★,IOP X3 Exoskeleton,-,-,-,-,7,-,-,-,-,-,-,-,-,-,-,-,1,0,MAX,0,
20520637,15,PEQ (Acc),★★★★,PEQ-15,102986302,UMP9 Mod,-,-,-,-,-,-,-,-,-,-,-,-,85%,-,1,0,MAX,0,Locked
20520639,19,AP (Ammo),★★★★,Mk169 Armor-Piercing Ammo,-,-,-,-,-,-,-,-,-,150,-,-,-,-,-,-,5000,10,MAX,0,Locked
20520644,3,Optical (Acc),★★★★,PSO-1,-,-,-,-,-,-,-,32%,-,-,-,-,-,-,-,-,5000,10,MAX,0,
20649560,61,Sp. Eq (Exclusive),★★★★★,Titan Fire-Control Chip,-,-,-3.7988,-,-,-,-3.5081,-,-,-,-,-,-,-,-,3.2617,0,0,,0,
20649634,31,HV (Ammo),★★★★,JHP High-Velocity Ammo,-,-,12,-,-,-,-,-,-,-,-,-,-,-,-,-,5000,10,MAX,1,Locked
20746822,65,Supp (Silencer),★★★★,AC3 Suppressor,106812493,Astra,-,-,7,-,-,14%,-,-,-,-,-,-,-,-,5000,10,MAX,0,Locked
20746825,71,HP (Ammo),★★★★,ILM Hollow-Point Ammo,-,-,9,-,-,-,-,-,-,-4,-,-,-,-,-,-,5000,10,MAX,0,
20747366,57,X Exo (Body),★★★★,IOP X3 Exoskeleton,-,-,-,-,6.6176,-,-,-,-,-,-,-,-,-,-,-,0,0,,0,
20747409,19,AP (Ammo),★★★★,Mk169 Armor-Piercing Ammo,-,-,-,-,-,-,-,-,-,150,-,-,-,-,-,-,5000,10,MAX,0,Locked
20747410,3,Optical (Acc),★★★★,PSO-1,-,-,-,-,-,-,-,32%,-,-,-,-,-,-,-,-,5000,10,MAX,0,
20747411,16,PEQ (Acc),★★★★★,PEQ-16A,156805742,AK-15 Mod,-,-,-,-,-,-,-,-,-,-,-,-,100%,-,1,0,MAX,0,Locked
20747412,20,AP (Ammo),★★★★★,Mk211 High-Explosive Armor-Piercing Ammo,-,-,-,-,-,-,-,-,-,180,-,-,-,-,-,-,10000,10,MAX,0,Locked
20789114,155,Sp. Eq (Exclusive),★★★★★,PPK Suppressor,102321864,PPK,-,-,18,-,-,30%,-,-,-,-,-,-,-,-,30000,10,MAX,16,Locked
20862801,31,HV (Ammo),★★★★,JHP High-Velocity Ammo,-,-,12,-,-,-,-,-,-,-,-,-,-,-,-,-,5000,10,MAX,3,
20933093,8,EOT (Holographic),★★★★★,EOT 518,-,-,8,14,-,-,-4,-,-,-,-,-,-,-,-,-,10000,10,MAX,8,Locked
21022381,65,Supp (Silencer),★★★★,AC3 Suppressor,-,-,-,-,6.1266,-,-,13.3823%,-,-,-,-,-,-,-,-,5000,10,,0,Locked
21035503,3,Optical (Acc),★★★★,PSO-1,-,-,-,-,-,-,-,32%,-,-,-,-,-,-,-,-,5000,10,MAX,3,
21064109,39,T Exo (Body),★★★★,IOP T3 Exoskeleton,-,-,-5,-,22,-,-,-,-,-,-,-,-,-,-,-,5000,10,MAX,6,
21115609,68,MG Box (Body),★★★★★,IOP Maximum Ammo Box,143752760,Kord,-,-,-2,-,-,-,-,-,-,-,-,-,-,5,10000,10,MAX,6,Locked
21115616,65,Supp (Silencer),★★★★,AC3 Suppressor,-,-,-,-,6.3136,-,-,13.2581%,-,-,-,-,-,-,-,-,5000,10,,0,Locked
21146939,57,X Exo (Body),★★★★,IOP X3 Exoskeleton,-,-,-,-,6.7301,-,-,-,-,-,-,-,-,-,-,-,0,0,,0,
21169115,8,EOT (Holographic),★★★★★,EOT 518,111421916,FP-6,8,14,-,-,-4,-,-,-,-,-,-,-,-,-,10000,10,MAX,16,Locked
21169118,4,Optical (Acc),★★★★★,VFL 6-24X56,117166875,Carcano M91/38,-,-,-,-,-,48%,-,-,-,-,-,-,-,-,10000,10,MAX,8,
21213755,175,Sp. Eq (Exclusive),★★★★★,BPR4 & SRM6,115206126,MDR,6,-,10,-,-,48%,-,-,-,-,-,-,-,-,30000,10,MAX,17,Locked
21218489,65,Supp (Silencer),★★★★,AC3 Suppressor,-,-,-,-,5.3898,-,-,13.9793%,-,-,-,-,-,-,-,-,5000,10,,0,Locked
21269267,31,HV (Ammo),★★★★,JHP High-Velocity Ammo,-,-,10.2411,-,-,-,-,-,-,-,-,-,-,-,-,-,5000,10,,0,Locked
21269646,60,Sp. Eq (Exclusive),★★★★★,.300BLK High-Velocity Ammo,103340249,ST AR-15 Mod,35,-,-,-,-10,-,-,-,-,-,-,-,-,-,30000,10,MAX,6,Locked
21285724,58,X Exo (Body),★★★★★,IOP X4 Exoskeleton,109167722,Python,-,-,20,-,-,-,-,-,-,-,-,-,-,-,10000,10,MAX,6,Locked
21309535,8,EOT (Holographic),★★★★★,EOT 518,157691443,CAWS,8,14,-,-,-4,-,-,-,-,-,-,-,-,-,10000,10,MAX,6,Locked
21313578,16,PEQ (Acc),★★★★★,PEQ-16A,102490396,AN-94 Mod,-,-,-,-,-,-,-,-,-,-,-,-,100%,-,0,0,MAX,12,Locked
21324757,71,HP (Ammo),★★★★,ILM Hollow-Point Ammo,-,-,9,-,-,-,-,-,-,-4,-,-,-,-,-,-,5000,10,MAX,6,
21339020,66,Supp (Silencer),★★★★★,AC4 Suppressor,188541806,Kolibri,-,-,10,-,-,20%,-,-,-,-,-,-,-,-,10000,10,MAX,6,Locked
21368531,44,Plate (Body),★★★★★,Type 3 Armor Plate,118282379,M590,-,-,-2,-,-,-,-,-,11,-,-,-,-,-,10000,10,MAX,6,Locked
21399741,16,PEQ (Acc),★★★★★,PEQ-16A,110023882,Ribeyrolles Mod,-,-,-,-,-,-,-,-,-,-,-,-,100%,-,0,0,MAX,11,Locked
21432692,31,HV (Ammo),★★★★,JHP High-Velocity Ammo,-,-,5.7258,-,-,-,-,-,-,-,-,-,-,-,-,-,0,0,,0,Locked
21450894,12,Red Dot (Acc),★★★★★,ITI MARS,118282379,M590,-,30,-,-,-1,-,-,-,-,-,-,-,-,-,10000,10,MAX,11,Locked
21458337,58,X Exo (Body),★★★★★,IOP X4 Exoskeleton,109716585,Px4 Storm,-,-,20,-,-,-,-,-,-,-,-,-,-,-,10000,10,MAX,3,Locked
21460918,16,PEQ (Acc),★★★★★,PEQ-16A,103340249,ST AR-15 Mod,-,-,-,-,-,-,-,-,-,-,-,-,94.9006%,-,0,0,,3,Locked
21463869,16,PEQ (Acc),★★★★★,PEQ-16A,121932552,Gr G11 Mod,-,-,-,-,-,-,-,-,-,-,-,-,100%,-,0,0,MAX,11,Locked
21478163,68,MG Box (Body),★★★★★,IOP Maximum Ammo Box,171152990,Hanazono Yurine,-,-,-2,-,-,-,-,-,-,-,-,-,-,5,10000,10,MAX,6,Locked
21482059,163,Sp. Eq (Exclusive),★★★★★,MAX10 Upper Receiver,103105664,Ingram,-,-,20,-,-5.0,35%,-,-,-,-,-,-,-,-,30000,10,,9,Locked
21492436,31,HV (Ammo),★★★★,JHP High-Velocity Ammo,-,-,5.7574,-,-,-,-,-,-,-,-,-,-,-,-,-,0,0,,0,Locked
21510265,71,HP (Ammo),★★★★,ILM Hollow-Point Ammo,175781173,HP-35,9,-,-,-,-,-,-,-5.0,-,-,-,-,-,-,5000,10,,2,
21514214,76,Buck (Shell),★★★★★,#000 Buckshot,105256324,M500 Mod,15,-,-,-,-,-,22%,-,-,-,-,-,-,-,10000,10,MAX,16,Locked
21515844,89,Cape (Body),★★★★,Urban Camouflage Cape,-,-,-,-,-,-3.0000,-,-,18%,-,-,-,-,-,-,-,5000,10,MAX,4,Locked
21515845,19,AP (Ammo),★★★★,Mk169 Armor-Piercing Ammo,-,-,-,-,-,-,-,-,-,96.1180,-,-,-,-,-,-,0,0,,0,Locked
21517131,89,Cape (Body),★★★★,Urban Camouflage Cape,-,-,-,-,-,-3.0000,-,-,18%,-,-,-,-,-,-,-,5000,10,MAX,2,Locked
21539086,12,Red Dot (Acc),★★★★★,ITI MARS,-,-,-,24.5000,-,-,-2.8429,-,-,-,-,-,-,-,-,-,10000,10,,0,Locked
21540266,20,AP (Ammo),★★★★★,Mk211 High-Explosive Armor-Piercing Ammo,109699367,Carcano M1891,-,-,-,-,-,-,-,180,-,-,-,-,-,-,10000,10,MAX,17,
21569035,16,PEQ (Acc),★★★★★,PEQ-16A,102321922,STEN MkⅡ Mod,-,-,-,-,-,-,-,-,-,-,-,-,100%,-,0,0,MAX,9,Locked
21597749,57,X Exo (Body),★★★★,IOP X3 Exoskeleton,-,-,-,-,6.5302,-,-,-,-,-,-,-,-,-,-,-,0,0,,0,
21608045,39,T Exo (Body),★★★★,IOP T3 Exoskeleton,-,-,-5.3232,-,20.4805,-,-,-,-,-,-,-,-,-,-,-,5000,10,,0,
21620414,16,PEQ (Acc),★★★★★,PEQ-16A,112602463,416 Mod,-,-,-,-,-,-,-,-,-,-,-,-,93.0007%,-,0,0,,2,Locked
21624653,68,MG Box (Body),★★★★★,IOP Maximum Ammo Box,150169996,Gr MG4 Mod,-,-,-2,-,-,-,-,-,-,-,-,-,-,5,10000,10,MAX,6,Locked
21661243,80,Slug (Shell),★★★★★,SABOT Slug,-,-,-,13.7132,-,-,-,-,-,-,-,-,-,-,-,-,2800,6,,0,
21661246,68,MG Box (Body),★★★★★,IOP Maximum Ammo Box,126673696,Lewis,-,-,-2,-,-,-,-,-,-,-,-,-,-,5,10000,10,MAX,2,Locked
21663314,89,Cape (Body),★★★★,Urban Camouflage Cape,-,-,-,-,-,-3.0000,-,-,18%,-,-,-,-,-,-,-,5000,10,MAX,2,Locked
21695215,12,Red Dot (Acc),★★★★★,ITI MARS,-,-,-,12.4660,-,-,-3.4957,-,-,-,-,-,-,-,-,-,0,0,,0,Locked
21719933,16,PEQ (Acc),★★★★★,PEQ-16A,108050740,RO635 Mod,-,-,-,-,-,-,-,-,-,-,-,-,100%,-,0,0,MAX,9,Locked
21733464,80,Slug (Shell),★★★★★,SABOT Slug,181731148,Nova,-,14.4553,-,-,-,-,-,-,-,-,-,-,-,-,10000,10,,0,
21750065,31,HV (Ammo),★★★★,JHP High-Velocity Ammo,-,-,5.9402,-,-,-,-,-,-,-,-,-,-,-,-,-,0,0,,0,Locked
21751012,80,Slug (Shell),★★★★★,SABOT Slug,-,-,-,9.8828,-,-,-,-,-,-,-,-,-,-,-,-,1,0,,0,
21794411,39,T Exo (Body),★★★★,IOP T3 Exoskeleton,106812493,Astra,-6,-,22,-,-,-,-,-,-,-,-,-,-,-,5000,10,,7,
21801445,4,Optical (Acc),★★★★★,VFL 6-24X56,-,-,-,-,-,-,-,48%,-,-,-,-,-,-,-,-,10000,10,MAX,4,Locked
21804371,44,Plate (Body),★★★★★,Type 3 Armor Plate,105256324,M500 Mod,-,-,-2,-,-,-,-,-,11,-,-,-,-,-,10000,10,MAX,6,Locked
21846107,66,Supp (Silencer),★★★★★,AC4 Suppressor,117159463,Welrod MkⅡ Mod,-,-,10,-,-,20%,-,-,-,-,-,-,-,-,10000,10,MAX,6,Locked
21847201,8,EOT (Holographic),★★★★★,EOT 518,-,-,4.1630,6.9152,-,-,-5.0662,-,-,-,-,-,-,-,-,-,0,0,,0,Locked
21881989,4,Optical (Acc),★★★★★,VFL 6-24X56,103147598,9A-91,-,-,-,-,-,48%,-,-,-,-,-,-,-,-,10000,10,MAX,16,Locked
21915808,44,Plate (Body),★★★★★,Type 3 Armor Plate,177704954,LTLX7000,-,-,-2,-,-,-,-,-,11,-,-,-,-,-,10000,10,MAX,6,Locked
21917641,89,Cape (Body),★★★★,Urban Camouflage Cape,-,-,-,-,-,-3.0000,-,-,18%,-,-,-,-,-,-,-,5000,10,MAX,5,Locked
21947714,100,Sp. Eq (Exclusive),★★★★★,Lightweight Rail Kit,103340249,ST AR-15 Mod,15,10,-,-,-,-,30%,-,-,-,-,-,-,-,30000,10,MAX,16,Locked
21963505,90,Cape (Body),★★★★★,Thermoptic Camouflage Cape,117166875,Carcano M91/38,-,-,-,-3.0000,-,-,25%,-,-,-,-,-,-,-,10000,10,MAX,5,Locked
22009102,8,EOT (Holographic),★★★★★,EOT 518,-,-,5.3699,9.806,-,-,-5.1710,-,-,-,-,-,-,-,-,-,10000,10,,0,Locked
22015841,117,Sp. Eq (Exclusive),★★★★★,Glorylight,115507290,El Clear,-,-,-,-,-,-,-,-,-,-,-,-,100.0000%,-,1,0,MAX,0,Locked
22039074,58,X Exo (Body),★★★★★,IOP X4 Exoskeleton,-,-,-,-,20,-,-,-,-,-,-,-,-,-,-,-,10000,10,MAX,8,Locked
22096207,68,MG Box (Body),★★★★★,IOP Maximum Ammo Box,193910907,MG338,-,-,-2,-,-,-,-,-,-,-,-,-,-,5,10000,10,MAX,6,Locked
22099858,39,T Exo (Body),★★★★,IOP T3 Exoskeleton,-,-,-5.7348,-,19.7587,-,-,-,-,-,-,-,-,-,-,-,5000,10,,0,
22100645,118,Sp. Eq (Exclusive),★★★★★,Black Cat,-,-,-,-,-,-,-,-,-,-,-,-,-,-,100.0000%,-,1,0,MAX,0,Locked
22108142,76,Buck (Shell),★★★★★,#000 Buckshot,144559516,DP-12,15,-,-,-,-,-,22%,-,-,-,-,-,-,-,10000,10,MAX,6,Locked
22204225,8,EOT (Holographic),★★★★★,EOT 518,-,-,4.2116,7.232,-,-,-5.9184,-,-,-,-,-,-,-,-,-,0,0,,0,
22276448,152,Sp. Eq (Exclusive),★★★★★,SIG-510 Fire Selector,-,-,7,1.7090,-,-,-,29.7148%,-,-,-,-,-,-,-,-,10051,6,,1,
22303298,65,Supp (Silencer),★★★★,AC3 Suppressor,-,-,-,-,5.8838,-,-,12.9434%,-,-,-,-,-,-,-,-,5000,10,,0,Locked
22320574,40,T Exo (Body),★★★★★,IOP T4 Exoskeleton,103479701,Micro Uzi Mod,-6,-,35,-,-,-,-,-,-,-,-,-,-,-,10000,10,MAX,6,
22389195,44,Plate (Body),★★★★★,Type 3 Armor Plate,111421916,FP-6,-,-,-2,-,-,-,-,-,11,-,-,-,-,-,10000,10,MAX,6,
22389509,15,PEQ (Acc),★★★★,PEQ-15,-,-,-,-,-,-,-,-,-,-,-,-,-,-,80.041%,-,0,0,,0,Locked
22390087,40,T Exo (Body),★★★★★,IOP T4 Exoskeleton,103482448,UMP45 Mod,-6,-,35,-,-,-,-,-,-,-,-,-,-,-,10000,10,MAX,16,
22390088,58,X Exo (Body),★★★★★,IOP X4 Exoskeleton,-,-,-,-,20,-,-,-,-,-,-,-,-,-,-,-,10000,10,MAX,5,
22398482,8,EOT (Holographic),★★★★★,EOT 518,181731148,Nova,8,14,-,-,-4,-,-,-,-,-,-,-,-,-,10000,10,MAX,16,
22398728,39,T Exo (Body),★★★★,IOP T3 Exoskeleton,-,-,-5,-,22,-,-,-,-,-,-,-,-,-,-,-,5000,10,MAX,6,
22398848,16,PEQ (Acc),★★★★★,PEQ-16A,102957108,M4A1 Mod,-,-,-,-,-,-,-,-,-,-,-,-,100%,-,0,0,MAX,3,Locked
22398902,65,Supp (Silencer),★★★★,AC3 Suppressor,-,-,-,-,7,-,-,14%,-,-,-,-,-,-,-,-,5000,10,MAX,6,Locked
22542553,89,Cape (Body),★★★★,Urban Camouflage Cape,-,-,-,-,-,-3.0000,-,-,18%,-,-,-,-,-,-,-,5000,10,MAX,3,Locked
22612447,32,HV (Ammo),★★★★★,APCR High-Velocity Ammo,138601471,Angelica,20,-,-,-,-,-,-,-,-,-,-,-,-,-,10000,10,MAX,5,
22612722,32,HV (Ammo),★★★★★,APCR High-Velocity Ammo,112602463,416 Mod,20,-,-,-,-,-,-,-,-,-,-,-,-,-,10000,10,MAX,4,
22661650,80,Slug (Shell),★★★★★,SABOT Slug,-,-,-,9.9892,-,-,-,-,-,-,-,-,-,-,-,-,0,0,,0,
22673896,58,X Exo (Body),★★★★★,IOP X4 Exoskeleton,-,-,-,-,8.136,-,-,-,-,-,-,-,-,-,-,-,1,0,,0,
22705586,72,HP (Ammo),★★★★★,ILM Hollow-Point Ammo,105529190,SAA Mod,15,-,-,-,-,-,-,-7,-,-,-,-,-,-,10000,10,MAX,6,
22708225,15,PEQ (Acc),★★★★,PEQ-15,-,-,-,-,-,-,-,-,-,-,-,-,-,-,79.6144%,-,0,0,,0,Locked
22712894,4,Optical (Acc),★★★★★,VFL 6-24X56,109699367,Carcano M1891,-,-,-,-,-,48%,-,-,-,-,-,-,-,-,10000,10,MAX,8,
22713727,15,PEQ (Acc),★★★★,PEQ-15,-,-,-,-,-,-,-,-,-,-,-,-,-,-,80.8519%,-,0,0,,0,Locked
22715237,16,PEQ (Acc),★★★★★,PEQ-16A,171697344,Medusa,-,-,-,-,-,-,-,-,-,-,-,-,94.4254%,-,0,0,,0,Locked
22733605,80,Slug (Shell),★★★★★,SABOT Slug,-,-,-,8.6752,-,-,-,-,-,-,-,-,-,-,-,-,1,0,,0,
22736869,40,T Exo (Body),★★★★★,IOP T4 Exoskeleton,102960741,Gr Mk23,-6,-,35,-,-,-,-,-,-,-,-,-,-,-,10000,10,MAX,17,
22739547,8,EOT (Holographic),★★★★★,EOT 518,-,-,5.8952,12.1346,-,-,-5.870,-,-,-,-,-,-,-,-,-,10000,10,,0,
22744555,8,EOT (Holographic),★★★★★,EOT 518,-,-,5.1990,6.8704,-,-,-5.0030,-,-,-,-,-,-,-,-,-,0,0,,0,
22745577,4,Optical (Acc),★★★★★,VFL 6-24X56,-,-,-,-,-,-,-,48%,-,-,-,-,-,-,-,-,10000,10,MAX,7,
22902126,31,HV (Ammo),★★★★,JHP High-Velocity Ammo,-,-,6.1662,-,-,-,-,-,-,-,-,-,-,-,-,-,0,0,,0,Locked
22903056,31,HV (Ammo),★★★★,JHP High-Velocity Ammo,-,-,5.9484,-,-,-,-,-,-,-,-,-,-,-,-,-,0,0,,0,Locked
22952287,76,Buck (Shell),★★★★★,#000 Buckshot,118282379,M590,15,-,-,-,-,-,22%,-,-,-,-,-,-,-,10000,10,MAX,16,
23062582,72,HP (Ammo),★★★★★,ILM Hollow-Point Ammo,127520128,P22,15,-,-,-,-,-,-,-7,-,-,-,-,-,-,10000,10,MAX,15,
23065086,71,HP (Ammo),★★★★,ILM Hollow-Point Ammo,-,-,7.6563,-,-,-,-,-,-,-5.7698,-,-,-,-,-,-,5000,10,,0,
23079302,16,PEQ (Acc),★★★★★,PEQ-16A,136172727,Gr G36 Mod,-,-,-,-,-,-,-,-,-,-,-,-,94.7818%,-,0,0,,0,Locked
23114136,19,AP (Ammo),★★★★,Mk169 Armor-Piercing Ammo,-,-,-,-,-,-,-,-,-,97.010,-,-,-,-,-,-,0,0,,0,Locked
23186032,16,PEQ (Acc),★★★★★,PEQ-16A,103024214,K11,-,-,-,-,-,-,-,-,-,-,-,-,93.6208%,-,0,0,,0,Locked
23186034,20,AP (Ammo),★★★★★,Mk211 High-Explosive Armor-Piercing Ammo,-,-,-,-,-,-,-,-,-,180,-,-,-,-,-,-,10000,10,MAX,16,
23291460,20,AP (Ammo),★★★★★,Mk211 High-Explosive Armor-Piercing Ammo,178021339,Mondragon M1908,-,-,-,-,-,-,-,180,-,-,-,-,-,-,10000,10,MAX,10,
23292929,72,HP (Ammo),★★★★★,ILM Hollow-Point Ammo,102960741,Gr Mk23,15,-,-,-,-,-,-,-7,-,-,-,-,-,-,10000,10,MAX,16,
23326355,15,PEQ (Acc),★★★★,PEQ-15,102652288,Gr G36c Mod,-,-,-,-,-,-,-,-,-,-,-,-,82.0129%,-,0,0,,0,Locked
23389009,32,HV (Ammo),★★★★★,APCR High-Velocity Ammo,103147598,9A-91,20,-,-,-,-,-,-,-,-,-,-,-,-,-,10000,10,MAX,5,
23395883,39,T Exo (Body),★★★★,IOP T3 Exoskeleton,-,-,-5,-,22,-,-,-,-,-,-,-,-,-,-,-,5000,10,MAX,6,
23457176,71,HP (Ammo),★★★★,ILM Hollow-Point Ammo,-,-,9,-,-,-,-,-,-,-5.0,-,-,-,-,-,-,5000,10,,3,
23575113,15,PEQ (Acc),★★★★,PEQ-15,103479701,Micro Uzi Mod,-,-,-,-,-,-,-,-,-,-,-,-,83.3899%,-,0,0,,0,Locked
23691861,15,PEQ (Acc),★★★★,PEQ-15,-,-,-,-,-,-,-,-,-,-,-,-,-,-,79.5946%,-,0,0,,0,Locked
23714541,71,HP (Ammo),★★★★,ILM Hollow-Point Ammo,-,-,7.1529,-,-,-,-,-,-,-5.6168,-,-,-,-,-,-,5000,10,,0,
23723838,31,HV (Ammo),★★★★,JHP High-Velocity Ammo,-,-,11.9766,-,-,-,-,-,-,-,-,-,-,-,-,-,5000,10,,0,Locked
23724546,39,T Exo (Body),★★★★,IOP T3 Exoskeleton,-,-,-5.8675,-,20.4607,-,-,-,-,-,-,-,-,-,-,-,5000,10,,0,
23725456,31,HV (Ammo),★★★★,JHP High-Velocity Ammo,-,-,5.712,-,-,-,-,-,-,-,-,-,-,-,-,-,0,0,,0,
23726672,71,HP (Ammo),★★★★,ILM Hollow-Point Ammo,-,-,7.1301,-,-,-,-,-,-,-5.7474,-,-,-,-,-,-,5000,10,,0,
23750298,31,HV (Ammo),★★★★,JHP High-Velocity Ammo,-,-,6.0124,-,-,-,-,-,-,-,-,-,-,-,-,-,0,0,,0,
23816937,66,Supp (Silencer),★★★★★,AC4 Suppressor,-,-,-,-,10,-,-,20%,-,-,-,-,-,-,-,-,10000,10,MAX,6,Locked
23846639,76,Buck (Shell),★★★★★,#000 Buckshot,132188822,M870,15,-,-,-,-,-,22%,-,-,-,-,-,-,-,10000,10,MAX,16,
23846643,44,Plate (Body),★★★★★,Type 3 Armor Plate,181731148,Nova,-,-,-2.775,-,-,-,-,-,9.0842,-,-,-,-,-,10000,10,,0,
23861641,89,Cape (Body),★★★★,Urban Camouflage Cape,-,-,-,-,-,-3.0000,-,-,18%,-,-,-,-,-,-,-,5000,10,MAX,3,Locked
23868076,44,Plate (Body),★★★★★,Type 3 Armor Plate,117686796,S.A.T.8,-,-,-2,-,-,-,-,-,11,-,-,-,-,-,10000,10,MAX,6,
23953123,19,AP (Ammo),★★★★,Mk169 Armor-Piercing Ammo,-,-,-,-,-,-,-,-,-,95.6960,-,-,-,-,-,-,0,0,,0,Locked
24020940,31,HV (Ammo),★★★★,JHP High-Velocity Ammo,-,-,6.432,-,-,-,-,-,-,-,-,-,-,-,-,-,0,0,,0,
24052361,40,T Exo (Body),★★★★★,IOP T4 Exoskeleton,105529190,SAA Mod,-6,-,35,-,-,-,-,-,-,-,-,-,-,-,10000,10,MAX,6,
24052399,16,PEQ (Acc),★★★★★,PEQ-16A,103289802,M4 SOPMOD II Mod,-,-,-,-,-,-,-,-,-,-,-,-,96.0958%,-,0,0,,0,Locked
24189836,58,X Exo (Body),★★★★★,IOP X4 Exoskeleton,111224157,Five-seven,-,-,20,-,-,-,-,-,-,-,-,-,-,-,10000,10,MAX,5,
24192982,19,AP (Ammo),★★★★,Mk169 Armor-Piercing Ammo,-,-,-,-,-,-,-,-,-,95.7850,-,-,-,-,-,-,0,0,,0,Locked
24192983,31,HV (Ammo),★★★★,JHP High-Velocity Ammo,-,-,5.9246,-,-,-,-,-,-,-,-,-,-,-,-,-,0,0,,0,
24251989,31,HV (Ammo),★★★★,JHP High-Velocity Ammo,-,-,5.7542,-,-,-,-,-,-,-,-,-,-,-,-,-,0,0,,0,
24270062,16,PEQ (Acc),★★★★★,PEQ-16A,102652598,AK-12,-,-,-,-,-,-,-,-,-,-,-,-,95.2669%,-,0,0,,0,
24411532,68,MG Box (Body),★★★★★,IOP Maximum Ammo Box,-,-,-,-,-2.7863,-,-,-,-,-,-,-,-,-,-,2.2532,0,0,,0,
24426951,65,Supp (Silencer),★★★★,AC3 Suppressor,-,-,-,-,5.2222,-,-,12.1127%,-,-,-,-,-,-,-,-,5000,10,,0,Locked
24428333,89,Cape (Body),★★★★,Urban Camouflage Cape,-,-,-,-,-,-3.0000,-,-,8.9852%,-,-,-,-,-,-,-,0,0,,0,Locked
24473858,15,PEQ (Acc),★★★★,PEQ-15,180172508,FX-05,-,-,-,-,-,-,-,-,-,-,-,-,82.4251%,-,0,0,,0,Locked
24543681,44,Plate (Body),★★★★★,Type 3 Armor Plate,144559516,DP-12,-,-,-2,-,-,-,-,-,11,-,-,-,-,-,10000,10,MAX,6,
24609105,15,PEQ (Acc),★★★★,PEQ-15,-,-,-,-,-,-,-,-,-,-,-,-,-,-,80.0626%,-,0,0,,0,Locked
24679496,57,X Exo (Body),★★★★,IOP X3 Exoskeleton,-,-,-,-,6.5866,-,-,-,-,-,-,-,-,-,-,-,0,0,,0,
24702951,32,HV (Ammo),★★★★★,APCR High-Velocity Ammo,156805742,AK-15 Mod,20,-,-,-,-,-,-,-,-,-,-,-,-,-,10000,10,MAX,5,
24721367,31,HV (Ammo),★★★★,JHP High-Velocity Ammo,-,-,5.7678,-,-,-,-,-,-,-,-,-,-,-,-,-,0,0,,0,
24766062,15,PEQ (Acc),★★★★,PEQ-15,-,-,-,-,-,-,-,-,-,-,-,-,-,-,79.7386%,-,0,0,,0,Locked
24768132,71,HP (Ammo),★★★★,ILM Hollow-Point Ammo,119711654,MP-448,7.0905,-,-,-,-,-,-,-5.4656,-,-,-,-,-,-,5000,10,,0,
24810208,20,AP (Ammo),★★★★★,Mk211 High-Explosive Armor-Piercing Ammo,169159555,SVCh,-,-,-,-,-,-,-,180,-,-,-,-,-,-,10000,10,MAX,16,
24831608,161,Sp. Eq (Exclusive),★★★★★,Advanced Infantry Sight,112602452,Type97,5,-,-,-,-,48%,-,-,-,-,-,-,-,-,30000,10,MAX,6,
24870117,32,HV (Ammo),★★★★★,APCR High-Velocity Ammo,136172727,Gr G36 Mod,20,-,-,-,-,-,-,-,-,-,-,-,-,-,10000,10,MAX,3,
24946175,132,Sp. Eq (Exclusive),★★★★★,Gr MG4 MGO,150169996,Gr MG4 Mod,-,36.0000,-,-,-1.0000,35.0000%,-,-,-,-,-,-,-,-,30000,10,MAX,0,
24989896,32,HV (Ammo),★★★★★,APCR High-Velocity Ammo,123228841,K2,20,-,-,-,-,-,-,-,-,-,-,-,-,-,10000,10,MAX,1,
24991300,4,Optical (Acc),★★★★★,VFL 6-24X56,-,-,-,-,-,-,-,48%,-,-,-,-,-,-,-,-,10000,10,MAX,10,
25033067,20,AP (Ammo),★★★★★,Mk211 High-Explosive Armor-Piercing Ammo,-,-,-,-,-,-,-,-,-,180,-,-,-,-,-,-,10000,10,MAX,13,
25147275,182,Sp. Eq (Exclusive),★★★★★,S&B762,112602175,Type79,15.3544,-,-,-,-4.0000,-,-,-,-,-,-,-,-,-,2328,3,,0,
25170082,65,Supp (Silencer),★★★★,AC3 Suppressor,108123493,Grizzly,-,-,7,-,-,14%,-,-,-,-,-,-,-,-,5000,10,MAX,6,Locked
25171476,99,Sp. Eq (Exclusive),★★★★★,Inherited Case,102957108,M4A1 Mod,20,-,-,-,20,-,-,-,15,-,-,-,-,-,30000,10,MAX,6,
25203492,65,Supp (Silencer),★★★★,AC3 Suppressor,-,-,-,-,5.3050,-,-,12.2042%,-,-,-,-,-,-,-,-,5000,10,,0,
25283421,89,Cape (Body),★★★★,Urban Camouflage Cape,-,-,-,-,-,-3.0000,-,-,8.6658%,-,-,-,-,-,-,-,0,0,,0,Locked
25284409,66,Supp (Silencer),★★★★★,AC4 Suppressor,102960741,Gr Mk23,-,-,10,-,-,20%,-,-,-,-,-,-,-,-,10000,10,MAX,16,
25313414,89,Cape (Body),★★★★,Urban Camouflage Cape,-,-,-,-,-,-3.000,-,-,8.5854%,-,-,-,-,-,-,-,0,0,,0,Locked
25340572,71,HP (Ammo),★★★★,ILM Hollow-Point Ammo,182722363,Sei Asagiri,7.4121,-,-,-,-,-,-,-5.2902,-,-,-,-,-,-,5000,10,,0,
25340573,76,Buck (Shell),★★★★★,#000 Buckshot,107162736,M37,15,-,-,-,-,-,22%,-,-,-,-,-,-,-,10000,10,MAX,26,
25371800,65,Supp (Silencer),★★★★,AC3 Suppressor,-,-,-,-,4.3308,-,-,9.9996%,-,-,-,-,-,-,-,-,0,0,,0,Locked
25446761,71,HP (Ammo),★★★★,ILM Hollow-Point Ammo,-,-,7.1376,-,-,-,-,-,-,-5.4348,-,-,-,-,-,-,5000,10,,0,
25539491,40,T Exo (Body),★★★★★,IOP T4 Exoskeleton,121701183,K5,-6,-,35,-,-,-,-,-,-,-,-,-,-,-,10000,10,MAX,16,
25771848,15,PEQ (Acc),★★★★,PEQ-15,-,-,-,-,-,-,-,-,-,-,-,-,-,-,80.059%,-,0,0,,0,Locked
25786726,65,Supp (Silencer),★★★★,AC3 Suppressor,-,-,-,-,4.0678,-,-,10.3768%,-,-,-,-,-,-,-,-,1,0,,0,Locked
25962801,66,Supp (Silencer),★★★★★,AC4 Suppressor,152855616,Suomi,-,-,10,-,-,20%,-,-,-,-,-,-,-,-,10000,10,MAX,8,
25980737,31,HV (Ammo),★★★★,JHP High-Velocity Ammo,-,-,5.7914,-,-,-,-,-,-,-,-,-,-,-,-,-,0,0,,0,
26023637,15,PEQ (Acc),★★★★,PEQ-15,-,-,-,-,-,-,-,-,-,-,-,-,-,-,81.1858%,-,0,0,,0,Locked
26025176,68,MG Box (Body),★★★★★,IOP Maximum Ammo Box,-,-,-,-,-2.7493,-,-,-,-,-,-,-,-,-,-,2.4251,0,0,,0,
26027519,66,Supp (Silencer),★★★★★,AC4 Suppressor,-,-,-,-,10,-,-,20%,-,-,-,-,-,-,-,-,10000,10,MAX,6,
26029336,89,Cape (Body),★★★★,Urban Camouflage Cape,-,-,-,-,-,-3.0000,-,-,8.846%,-,-,-,-,-,-,-,0,0,,0,Locked
26029337,57,X Exo (Body),★★★★,IOP X3 Exoskeleton,-,-,-,-,6.511,-,-,-,-,-,-,-,-,-,-,-,0,0,,0,
26029344,15,PEQ (Acc),★★★★,PEQ-15,113705053,JS 9,-,-,-,-,-,-,-,-,-,-,-,-,83.0794%,-,0,0,,0,Locked
26029410,58,X Exo (Body),★★★★★,IOP X4 Exoskeleton,142920308,Desert Eagle,-,-,20,-,-,-,-,-,-,-,-,-,-,-,10000,10,MAX,2,
26029431,15,PEQ (Acc),★★★★,PEQ-15,145321731,P90,-,-,-,-,-,-,-,-,-,-,-,-,82.4656%,-,0,0,,0,Locked
26029451,68,MG Box (Body),★★★★★,IOP Maximum Ammo Box,-,-,-,-,-2.4977,-,-,-,-,-,-,-,-,-,-,2.8727,0,0,,0,
26029548,68,MG Box (Body),★★★★★,IOP Maximum Ammo Box,-,-,-,-,-2.8685,-,-,-,-,-,-,-,-,-,-,2.969,0,0,,0,
26029552,68,MG Box (Body),★★★★★,IOP Maximum Ammo Box,-,-,-,-,-2.2143,-,-,-,-,-,-,-,-,-,-,2.2466,0,0,,0,
26029583,58,X Exo (Body),★★★★★,IOP X4 Exoskeleton,-,-,-,-,8.132,-,-,-,-,-,-,-,-,-,-,-,0,0,,0,
26029698,58,X Exo (Body),★★★★★,IOP X4 Exoskeleton,-,-,-,-,8.2032,-,-,-,-,-,-,-,-,-,-,-,0,0,,0,
26029713,15,PEQ (Acc),★★★★,PEQ-15,-,-,-,-,-,-,-,-,-,-,-,-,-,-,80.2759%,-,0,0,,0,Locked
26030746,135,Sp. Eq (Exclusive),★★★★★,SP6 Subsonic Ammo,102357177,AS Val Mod,24,-,-,-,-,-,-,-,-,-,-,-,-,-,30000,10,MAX,6,
26174499,57,X Exo (Body),★★★★,IOP X3 Exoskeleton,-,-,-,-,6.514,-,-,-,-,-,-,-,-,-,-,-,1,0,,0,
26189859,12,Red Dot (Acc),★★★★★,ITI MARS,144559516,DP-12,-,25.7720,-,-,-2.1691,-,-,-,-,-,-,-,-,-,10000,10,,0,
26197371,15,PEQ (Acc),★★★★,PEQ-15,103482448,UMP45 Mod,-,-,-,-,-,-,-,-,-,-,-,-,84.1153%,-,0,0,,0,Locked
26197373,57,X Exo (Body),★★★★,IOP X3 Exoskeleton,-,-,-,-,6.6051,-,-,-,-,-,-,-,-,-,-,-,0,0,,0,
26198357,15,PEQ (Acc),★★★★,PEQ-15,-,-,-,-,-,-,-,-,-,-,-,-,-,-,82.2046%,-,0,0,,0,Locked
26310877,66,Supp (Silencer),★★★★★,AC4 Suppressor,-,-,-,-,10,-,-,20%,-,-,-,-,-,-,-,-,10000,10,MAX,6,
26310879,65,Supp (Silencer),★★★★,AC3 Suppressor,-,-,-,-,4.2469,-,-,10.6686%,-,-,-,-,-,-,-,-,0,0,,0,Locked
26349999,65,Supp (Silencer),★★★★,AC3 Suppressor,-,-,-,-,4.9213,-,-,10.4154%,-,-,-,-,-,-,-,-,0,0,,0,Locked
26350000,65,Supp (Silencer),★★★★,AC3 Suppressor,-,-,-,-,4.5892,-,-,9.7490%,-,-,-,-,-,-,-,-,0,0,,0,Locked
26365674,4,Optical (Acc),★★★★★,VFL 6-24X56,196991430,QBZ-191,-,-,-,-,-,48%,-,-,-,-,-,-,-,-,10000,10,MAX,8,
26369390,57,X Exo (Body),★★★★,IOP X3 Exoskeleton,-,-,-,-,6.8578,-,-,-,-,-,-,-,-,-,-,-,0,0,,0,
26492466,65,Supp (Silencer),★★★★,AC3 Suppressor,-,-,-,-,4.2968,-,-,9.582%,-,-,-,-,-,-,-,-,0,0,,0,Locked
26535211,68,MG Box (Body),★★★★★,IOP Maximum Ammo Box,111044094,PK,-,-,-2.3891,-,-,-,-,-,-,-,-,-,-,4.2950,10000,10,,0,
26557395,15,PEQ (Acc),★★★★,PEQ-15,-,-,-,-,-,-,-,-,-,-,-,-,-,-,80.1769%,-,0,0,,0,
26578743,40,T Exo (Body),★★★★★,IOP T4 Exoskeleton,115507290,El Clear,-6,-,35,-,-,-,-,-,-,-,-,-,-,-,10000,10,MAX,16,
26669809,40,T Exo (Body),★★★★★,IOP T4 Exoskeleton,127520128,P22,-6,-,35,-,-,-,-,-,-,-,-,-,-,-,10000,10,MAX,16,
26704873,186,Sp. Eq (Exclusive),★★★★★,Bayonet,138135618,Triela,15,-,-,-,-,25%,22%,-,-,-,-,-,-,-,30000,10,MAX,16,
26705889,57,X Exo (Body),★★★★,IOP X3 Exoskeleton,-,-,-,-,6.5038,-,-,-,-,-,-,-,-,-,-,-,0,0,,0,
26723557,183,Sp. Eq (Exclusive),★★★★★,Duelling Cards,138379561,Rico,-,-,-,-3.0000,-,-,45%,-,-,-,-,-,-,-,30000,10,MAX,8,
26743312,187,Sp. Eq (Exclusive),★★★★★,Antique Kaleidoscope,-,-,-,3,8,-,-,15%,-,-,-,-,-,-,-,-,1,0,MAX,10,
26761864,184,Sp. Eq (Exclusive),★★★★★,Fairy Tale Picture Books,138601471,Angelica,15,-,20,-,-,-,-,-,-,-,-,-,-,-,30000,10,MAX,8,
26791399,12,Red Dot (Acc),★★★★★,ITI MARS,138135618,Triela,-,25.0064,-,-,-3.0943,-,-,-,-,-,-,-,-,-,10000,10,,0,
26795983,185,Sp. Eq (Exclusive),★★★★★,Spectacles,-,-,3.8928,1.1988,-,-,-,19.8921%,-,-,-,-,-,-,-,-,1,0,,0,
26799068,173,Sp. Eq (Exclusive),★★★★★,9x39mm SPP,-,-,9.7828,-,-,-,-,-,6.9724%,-,-,-,-,-,-,-,1,0,,0,
26802580,188,Sp. Eq (Exclusive),★★★★★,Meteorite,-,-,3.378,1.6686,-,-,-,19.428%,-,-,-,-,-,-,-,-,1,0,,0,
26812841,4,Optical (Acc),★★★★★,VFL 6-24X56,178617331,RPK-203,-,-,-,-,-,48%,-,-,-,-,-,-,-,-,10000,10,MAX,6,
26817484,189,Sp. Eq (Exclusive),★★★★★,Wristwatch,-,-,3.1322,2.1824,-,-,-,21.1199%,-,-,-,-,-,-,-,-,1,0,,0,
26818022,126,Sp. Eq (Exclusive),★★★★★,Dinergate RO,103289802,M4 SOPMOD II Mod,35,14,-,-,-2,-,-,-,-,-,-,-,-,-,30000,10,MAX,16,
26854750,72,HP (Ammo),★★★★★,ILM Hollow-Point Ammo,115507290,El Clear,15,-,-,-,-,-,-,-7,-,-,-,-,-,-,10000,10,MAX,3,
27036094,12,Red Dot (Acc),★★★★★,ITI MARS,105256324,M500 Mod,-,30,-,-,-1,-,-,-,-,-,-,-,-,-,10000,10,MAX,4,
27036095,12,Red Dot (Acc),★★★★★,ITI MARS,-,-,-,24.00,-,-,-1,-,-,-,-,-,-,-,-,-,10000,10,,6,
27104782,57,X Exo (Body),★★★★,IOP X3 Exoskeleton,-,-,-,-,6.5715,-,-,-,-,-,-,-,-,-,-,-,0,0,,0,
27163375,110,HV (Ammo),★★★★★,16Lab High-Velocity Ammo,110023882,Ribeyrolles Mod,20.0000,-,-,-,-,-,-,-,-,-,-,-,-,-,10000,10,MAX,0,
27173786,95,HP (Ammo),★★★★★,16Lab Hollow-Point,188541806,Kolibri,15.0000,-,-,-,-,-,-,-7.0000,-,-,-,-,-,-,10000,10,MAX,0,
27173803,58,X Exo (Body),★★★★★,IOP X4 Exoskeleton,113594541,Contender,-,-,20,-,-,-,-,-,-,-,-,-,-,-,10000,10,MAX,4,
27277816,40,T Exo (Body),★★★★★,IOP T4 Exoskeleton,102320522,M1895 Mod,-6,-,35,-,-,-,-,-,-,-,-,-,-,-,10000,10,MAX,16,
27277821,31,HV (Ammo),★★★★,JHP High-Velocity Ammo,-,-,5.8732,-,-,-,-,-,-,-,-,-,-,-,-,-,0,0,,0,
27303241,71,HP (Ammo),★★★★,ILM Hollow-Point Ammo,106812493,Astra,4.8132,-,-,-,-,-,-,-5.2492,-,-,-,-,-,-,0,0,,0,
27332001,80,Slug (Shell),★★★★★,SABOT Slug,-,-,-,9.904,-,-,-,-,-,-,-,-,-,-,-,-,1,0,,0,
27338342,15,PEQ (Acc),★★★★,PEQ-15,-,-,-,-,-,-,-,-,-,-,-,-,-,-,80.4712%,-,0,0,,0,
27340151,32,HV (Ammo),★★★★★,APCR High-Velocity Ammo,121932552,Gr G11 Mod,20,-,-,-,-,-,-,-,-,-,-,-,-,-,10000,10,MAX,7,
27340558,80,Slug (Shell),★★★★★,SABOT Slug,117686796,S.A.T.8,-,16.5,-,-,-,-,-,-,-,-,-,-,-,-,10000,10,,1,
27450426,19,AP (Ammo),★★★★,Mk169 Armor-Piercing Ammo,-,-,-,-,-,-,-,-,-,99.6990,-,-,-,-,-,-,0,0,,0,Locked
27493547,65,Supp (Silencer),★★★★,AC3 Suppressor,-,-,-,-,4.3899,-,-,9.9946%,-,-,-,-,-,-,-,-,0,0,,0,Locked
27604060,68,MG Box (Body),★★★★★,IOP Maximum Ammo Box,-,-,-,-,-2.8499,-,-,-,-,-,-,-,-,-,-,2.4636,1,0,,0,
27654087,15,PEQ (Acc),★★★★,PEQ-15,-,-,-,-,-,-,-,-,-,-,-,-,-,-,80.4136%,-,0,0,,0,
27678136,12,Red Dot (Acc),★★★★★,ITI MARS,-,-,-,25.8208,-,-,-2.9581,-,-,-,-,-,-,-,-,-,10000,10,,0,
27678208,57,X Exo (Body),★★★★,IOP X3 Exoskeleton,-,-,-,-,6.5234,-,-,-,-,-,-,-,-,-,-,-,1,0,,0,
27758894,8,EOT (Holographic),★★★★★,EOT 518,-,-,4.396,7.5772,-,-,-5.5918,-,-,-,-,-,-,-,-,-,1,0,,0,
27842624,57,X Exo (Body),★★★★,IOP X3 Exoskeleton,-,-,-,-,6.8841,-,-,-,-,-,-,-,-,-,-,-,0,0,,0,
27854761,40,T Exo (Body),★★★★★,IOP T4 Exoskeleton,188541806,Kolibri,-6,-,35,-,-,-,-,-,-,-,-,-,-,-,10000,10,MAX,16,
27904792,169,Sp. Eq (Exclusive),★★★★★,Am RFB Quad Rail,-,-,-,-,-,-,-,48%,18%,-,-,-,-,-,-,-,30000,10,MAX,16,
27968040,160,Sp. Eq (Exclusive),★★★★★,No32 MKI,144058071,Lee Enfield,-,-,-,-,4.0000,48.0000%,-,-,-,-,-,-,-,-,30000,10,MAX,0,
28016559,71,HP (Ammo),★★★★,ILM Hollow-Point Ammo,-,-,7.4511,-,-,-,-,-,-,-5.0982,-,-,-,-,-,-,5000,10,,0,
28047849,4,Optical (Acc),★★★★★,VFL 6-24X56,-,-,-,-,-,-,-,48%,-,-,-,-,-,-,-,-,10000,10,MAX,6,
28049781,15,PEQ (Acc),★★★★,PEQ-15,-,-,-,-,-,-,-,-,-,-,-,-,-,-,80.3443%,-,0,0,,0,
28049928,16,PEQ (Acc),★★★★★,PEQ-16A,123228841,K2,-,-,-,-,-,-,-,-,-,-,-,-,93.8926%,-,0,0,,0,
28053964,4,Optical (Acc),★★★★★,VFL 6-24X56,169159555,SVCh,-,-,-,-,-,48%,-,-,-,-,-,-,-,-,10000,10,MAX,7,
28054705,15,PEQ (Acc),★★★★,PEQ-15,-,-,-,-,-,-,-,-,-,-,-,-,-,-,80.4712%,-,0,0,,0,
28072848,3,Optical (Acc),★★★★,PSO-1,-,-,-,-,-,-,-,31.8638%,-,-,-,-,-,-,-,-,5000,10,,0,
28074240,8,EOT (Holographic),★★★★★,EOT 518,-,-,4.9312,7.4412,-,-,-5.5046,-,-,-,-,-,-,-,-,-,0,0,,0,
28074241,65,Supp (Silencer),★★★★,AC3 Suppressor,-,-,-,-,4.4663,-,-,9.9702%,-,-,-,-,-,-,-,-,0,0,,0,Locked
28078465,66,Supp (Silencer),★★★★★,AC4 Suppressor,105529190,SAA Mod,-,-,10,-,-,20%,-,-,-,-,-,-,-,-,10000,10,MAX,6,
28079131,12,Red Dot (Acc),★★★★★,ITI MARS,-,-,-,25.8128,-,-,-3.1027,-,-,-,-,-,-,-,-,-,10000,10,,0,
28079132,16,PEQ (Acc),★★★★★,PEQ-16A,103594521,Gr MP5 Mod,-,-,-,-,-,-,-,-,-,-,-,-,92.9755%,-,0,0,,0,
28082499,66,Supp (Silencer),★★★★★,AC4 Suppressor,113598076,M950A Mod,-,-,10,-,-,20%,-,-,-,-,-,-,-,-,10000,10,MAX,6,
28083928,12,Red Dot (Acc),★★★★★,ITI MARS,177704954,LTLX7000,-,30,-,-,-1,-,-,-,-,-,-,-,-,-,10000,10,MAX,16,
28085311,12,Red Dot (Acc),★★★★★,ITI MARS,132188822,M870,-,25.3256,-,-,-2.0965,-,-,-,-,-,-,-,-,-,10000,10,,0,
28090630,90,Cape (Body),★★★★★,Thermoptic Camouflage Cape,138008132,Type88 Mod,-,-,-,-3.0000,-,-,24.3903%,-,-,-,-,-,-,-,10000,10,,0,
28092888,8,EOT (Holographic),★★★★★,EOT 518,-,-,4.5806,7.6632,-,-,-5.6216,-,-,-,-,-,-,-,-,-,0,0,,0,
28103255,4,Optical (Acc),★★★★★,VFL 6-24X56,138379561,Rico,-,-,-,-,-,48%,-,-,-,-,-,-,-,-,10000,10,MAX,12,
28106378,66,Supp (Silencer),★★★★★,AC4 Suppressor,-,-,-,-,10,-,-,20%,-,-,-,-,-,-,-,-,10000,10,MAX,6,
28106917,44,Plate (Body),★★★★★,Type 3 Armor Plate,157691443,CAWS,-,-,-2.5911,-,-,-,-,-,8.9357,-,-,-,-,-,10000,10,,0,
28107534,80,Slug (Shell),★★★★★,SABOT Slug,157691443,CAWS,-,15.8266,-,-,-,-,-,-,-,-,-,-,-,-,10000,10,,0,
28108685,20,AP (Ammo),★★★★★,Mk211 High-Explosive Armor-Piercing Ammo,103890349,C-MS,-,-,-,-,-,-,-,180,-,-,-,-,-,-,10000,10,MAX,10,
28108689,32,HV (Ammo),★★★★★,APCR High-Velocity Ammo,103289802,M4 SOPMOD II Mod,20,-,-,-,-,-,-,-,-,-,-,-,-,-,10000,10,MAX,7,
28109559,57,X Exo (Body),★★★★,IOP X3 Exoskeleton,-,-,-,-,6.8225,-,-,-,-,-,-,-,-,-,-,-,0,0,,0,
28109561,66,Supp (Silencer),★★★★★,AC4 Suppressor,121701183,K5,-,-,8.6734,-,-,16.2256%,-,-,-,-,-,-,-,-,10000,10,,0,
28109846,68,MG Box (Body),★★★★★,IOP Maximum Ammo Box,-,-,-,-,-2.5972,-,-,-,-,-,-,-,-,-,-,2.2406,0,0,,0,
28109908,20,AP (Ammo),★★★★★,Mk211 High-Explosive Armor-Piercing Ammo,-,-,-,-,-,-,-,-,-,180,-,-,-,-,-,-,10000,10,MAX,20,
28109909,20,AP (Ammo),★★★★★,Mk211 High-Explosive Armor-Piercing Ammo,-,-,-,-,-,-,-,-,-,180,-,-,-,-,-,-,10000,10,MAX,11,
28110519,80,Slug (Shell),★★★★★,SABOT Slug,-,-,-,8.04,-,-,-,-,-,-,-,-,-,-,-,-,0,0,,0,
28110536,20,AP (Ammo),★★★★★,Mk211 High-Explosive Armor-Piercing Ammo,102482228,M14 Mod,-,-,-,-,-,-,-,180,-,-,-,-,-,-,10000,10,MAX,16,
28110546,4,Optical (Acc),★★★★★,VFL 6-24X56,171153316,Pekola,-,-,-,-,-,48%,-,-,-,-,-,-,-,-,10000,10,MAX,9,
28110580,12,Red Dot (Acc),★★★★★,ITI MARS,-,-,-,12.1328,-,-,-2.6383,-,-,-,-,-,-,-,-,-,0,0,,0,
28111026,44,Plate (Body),★★★★★,Type 3 Armor Plate,104152633,M16A1,-,-,-2,-,-,-,-,-,11,-,-,-,-,-,10000,10,MAX,6,
28112523,15,PEQ (Acc),★★★★,PEQ-15,110109188,Thompson,-,-,-,-,-,-,-,-,-,-,-,-,80.5711%,-,0,0,,0,
28112524,68,MG Box (Body),★★★★★,IOP Maximum Ammo Box,-,-,-,-,-2.7392,-,-,-,-,-,-,-,-,-,-,2.4929,0,0,,0,
28125471,168,Sp. Eq (Exclusive),★★★★★,Folding Stock,-,-,-,-,13.4262,-,-,12.8496%,-,-,-,-,-,-,-,-,1,0,,0,
28131997,65,Supp (Silencer),★★★★,AC3 Suppressor,-,-,-,-,4.2877,-,-,10.0972%,-,-,-,-,-,-,-,-,0,0,,0,
28170600,8,EOT (Holographic),★★★★★,EOT 518,-,-,4.5898,7.4932,-,-,-5.2026,-,-,-,-,-,-,-,-,-,0,0,,0,
28176253,89,Cape (Body),★★★★,Urban Camouflage Cape,-,-,-,-,-,-3.0000,-,-,8.9462%,-,-,-,-,-,-,-,0,0,,0,
28208482,12,Red Dot (Acc),★★★★★,ITI MARS,103890349,C-MS,-,25.3640,-,-,-3.7141,-,-,-,-,-,-,-,-,-,10000,10,,0,
28212202,58,X Exo (Body),★★★★★,IOP X4 Exoskeleton,132665527,PA-15,-,-,20,-,-,-,-,-,-,-,-,-,-,-,10000,10,MAX,3,
28451567,4,Optical (Acc),★★★★★,VFL 6-24X56,-,-,-,-,-,-,-,48%,-,-,-,-,-,-,-,-,10000,10,MAX,14,
28557920,65,Supp (Silencer),★★★★,AC3 Suppressor,-,-,-,-,7,-,-,14%,-,-,-,-,-,-,-,-,5000,10,MAX,5,
28596192,71,HP (Ammo),★★★★,ILM Hollow-Point Ammo,-,-,6.4827,-,-,-,-,-,-,-5.1710,-,-,-,-,-,-,5000,10,,0,
28620642,89,Cape (Body),★★★★,Urban Camouflage Cape,-,-,-,-,-,-3.0000,-,-,9.8208%,-,-,-,-,-,-,-,0,0,,0,
28688104,201,Sp. Eq (Exclusive),★★★★★,Go-Bag "V",-,-,-6.0000,-,35.0000,-,-,-,-,-,-,-,-,-,-,-,10000,10,MAX,0,
28705702,204,Sp. Eq (Exclusive),★★★★★,416's Go-Bag,-,-,-,-,20.0000,-,-,-,-,-,-,-,-,-,-,-,10000,10,MAX,0,
28708799,91,Sp. Eq (Exclusive),★★★★★,Special Warfare Mobile Suit,104152633,M16A1,-,-20.0000,10.000,-,-10.0000,-,-,-,20.0000,-,-,-,-,-,30000,10,MAX,0,
28712588,199,Sp. Eq (Exclusive),★★★★★,Osprey 45 Silencer,-,-,-,-,10.0000,-,-,20.0000%,-,-,-,-,-,-,-,-,10000,10,MAX,0,
28712975,202,Sp. Eq (Exclusive),★★★★★,ACOG (4X),-,-,-,-,-,-,-,48.0000%,-,-,-,-,-,-,-,-,10000,10,MAX,0,
28736376,203,Sp. Eq (Exclusive),★★★★★,556 High-Velocity Ammo (Explosive),-,-,20.0000,-,-,-,-,-,-,-,-,-,-,-,-,-,10000,10,MAX,0,
28783049,200,Sp. Eq (Exclusive),★★★★★,.45 Hollow Point Ammo (Incendiary),-,-,15.0000,-,-,-,-,-,-,-7.000,-,-,-,-,-,-,10000,10,MAX,0,
28838624,71,HP (Ammo),★★★★,ILM Hollow-Point Ammo,-,-,6.6282,-,-,-,-,-,-,-5.8326,-,-,-,-,-,-,5000,10,,0,
28847619,8,EOT (Holographic),★★★★★,EOT 518,-,-,5.0790,7.2884,-,-,-5.4098,-,-,-,-,-,-,-,-,-,0,0,,0,
28947478,65,Supp (Silencer),★★★★,AC3 Suppressor,-,-,-,-,4.4113,-,-,9.738%,-,-,-,-,-,-,-,-,0,0,,0,
29057115,71,HP (Ammo),★★★★,ILM Hollow-Point Ammo,-,-,6.5709,-,-,-,-,-,-,-5.0896,-,-,-,-,-,-,5000,10,,0,
29057227,40,T Exo (Body),★★★★★,IOP T4 Exoskeleton,156921392,Webley,-6,-,35,-,-,-,-,-,-,-,-,-,-,-,10000,10,MAX,16,
29125735,90,Cape (Body),★★★★★,Thermoptic Camouflage Cape,126512397,KSVK Mod,-,-,-,-3.0000,-,-,25%,-,-,-,-,-,-,-,10000,10,MAX,4,
29156644,65,Supp (Silencer),★★★★,AC3 Suppressor,-,-,-,-,4.3833,-,-,9.6176%,-,-,-,-,-,-,-,-,0,0,,0,
29190962,40,T Exo (Body),★★★★★,IOP T4 Exoskeleton,106039356,Makarov Mod,-6,-,35,-,-,-,-,-,-,-,-,-,-,-,10000,10,MAX,16,
29235000,89,Cape (Body),★★★★,Urban Camouflage Cape,-,-,-,-,-,-3.0000,-,-,9.1374%,-,-,-,-,-,-,-,0,0,,0,
29334956,90,Cape (Body),★★★★★,Thermoptic Camouflage Cape,176924163,General Liu,-,-,-,-3.0000,-,-,25%,-,-,-,-,-,-,-,10000,10,MAX,5,
29334957,4,Optical (Acc),★★★★★,VFL 6-24X56,-,-,-,-,-,-,-,48%,-,-,-,-,-,-,-,-,10000,10,MAX,16,
29552116,32,HV (Ammo),★★★★★,APCR High-Velocity Ammo,104152633,M16A1,20,-,-,-,-,-,-,-,-,-,-,-,-,-,10000,10,MAX,5,
29587858,65,Supp (Silencer),★★★★,AC3 Suppressor,-,-,-,-,4.1807,-,-,9.8228%,-,-,-,-,-,-,-,-,0,0,,0,
29678693,71,HP (Ammo),★★★★,ILM Hollow-Point Ammo,-,-,6.8475,-,-,-,-,-,-,-5.9692,-,-,-,-,-,-,5000,10,,0,
29684767,128,Sp. Eq (Exclusive),★★★★★,STEN Suppressor,-,-,-,-,15,-,-,20%,-,-,-,-,-,-,-,-,30000,10,MAX,6,
29860990,80,Slug (Shell),★★★★★,SABOT Slug,-,-,-,8.6532,-,-,-,-,-,-,-,-,-,-,-,-,1,0,,0,
29890975,40,T Exo (Body),★★★★★,IOP T4 Exoskeleton,102324464,MP-446 Mod,-6,-,35,-,-,-,-,-,-,-,-,-,-,-,10000,10,MAX,6,
29909445,16,PEQ (Acc),★★★★★,PEQ-16A,138601471,Angelica,-,-,-,-,-,-,-,-,-,-,-,-,93.727%,-,0,0,,0,
29909903,68,MG Box (Body),★★★★★,IOP Maximum Ammo Box,198112893,M1919A4,-,-,-2.4923,-,-,-,-,-,-,-,-,-,-,4.0036,10000,10,,0,
29970598,4,Optical (Acc),★★★★★,VFL 6-24X56,-,-,-,-,-,-,-,48%,-,-,-,-,-,-,-,-,10000,10,MAX,11,
30006225,66,Supp (Silencer),★★★★★,AC4 Suppressor,156921392,Webley,-,-,10,-,-,20%,-,-,-,-,-,-,-,-,10000,10,MAX,16,
30061580,89,Cape (Body),★★★★,Urban Camouflage Cape,-,-,-,-,-,-3.0000,-,-,9.0498%,-,-,-,-,-,-,-,0,0,,0,
30182681,71,HP (Ammo),★★★★,ILM Hollow-Point Ammo,-,-,7.6356,-,-,-,-,-,-,-4.2968,-,-,-,-,-,-,5000,10,,0,
30189788,4,Optical (Acc),★★★★★,VFL 6-24X56,176924163,General Liu,-,-,-,-,-,48%,-,-,-,-,-,-,-,-,10000,10,MAX,17,
30200752,178,Sp. Eq (Exclusive),★★★★★,12.7mm 1SL,126512397,KSVK Mod,10,-,-,-,-,-,-,180,-,-,-,-,-,-,30000,10,MAX,16,
30248633,4,Optical (Acc),★★★★★,VFL 6-24X56,119343315,R93,-,-,-,-,-,48%,-,-,-,-,-,-,-,-,10000,10,MAX,8,
30248672,20,AP (Ammo),★★★★★,Mk211 High-Explosive Armor-Piercing Ammo,-,-,-,-,-,-,-,-,-,180,-,-,-,-,-,-,10000,10,MAX,2,
30293837,58,X Exo (Body),★★★★★,IOP X4 Exoskeleton,132232112,Serdyukov,-,-,20,-,-,-,-,-,-,-,-,-,-,-,10000,10,MAX,4,
30439853,8,EOT (Holographic),★★★★★,EOT 518,-,-,4.8822,8.3388,-,-,-5.1124,-,-,-,-,-,-,-,-,-,0,0,,0,
30566871,4,Optical (Acc),★★★★★,VFL 6-24X56,126512397,KSVK Mod,-,-,-,-,-,48%,-,-,-,-,-,-,-,-,10000,10,MAX,13,
30600932,8,EOT (Holographic),★★★★★,EOT 518,-,-,4.5746,9.4856,-,-,-5.4452,-,-,-,-,-,-,-,-,-,0,0,,0,
30610079,4,Optical (Acc),★★★★★,VFL 6-24X56,-,-,-,-,-,-,-,48%,-,-,-,-,-,-,-,-,10000,10,MAX,6,
30625336,89,Cape (Body),★★★★,Urban Camouflage Cape,-,-,-,-,-,-3.0000,-,-,9.1510%,-,-,-,-,-,-,-,0,0,,0,
30626940,4,Optical (Acc),★★★★★,VFL 6-24X56,-,-,-,-,-,-,-,48%,-,-,-,-,-,-,-,-,10000,10,MAX,12,
30636859,66,Supp (Silencer),★★★★★,AC4 Suppressor,-,-,-,-,10,-,-,20%,-,-,-,-,-,-,-,-,10000,10,MAX,16,
30651272,89,Cape (Body),★★★★,Urban Camouflage Cape,-,-,-,-,-,-3.0000,-,-,8.728%,-,-,-,-,-,-,-,0,0,,0,
30667758,20,AP (Ammo),★★★★★,Mk211 High-Explosive Armor-Piercing Ammo,117166875,Carcano M91/38,-,-,-,-,-,-,-,180,-,-,-,-,-,-,10000,10,MAX,3,
30681346,72,HP (Ammo),★★★★★,ILM Hollow-Point Ammo,156921392,Webley,15,-,-,-,-,-,-,-7,-,-,-,-,-,-,10000,10,MAX,12,
30702900,174,Sp. Eq (Exclusive),★★★★★,FRAG-12 High Explosive Rounds,-,-,8.0000,12.0000,-,-,-,-,-,-,-,-,-,-,-,-,1,0,MAX,0,
30780507,20,AP (Ammo),★★★★★,Mk211 High-Explosive Armor-Piercing Ammo,144058071,Lee Enfield,-,-,-,-,-,-,-,180,-,-,-,-,-,-,10000,10,MAX,16,
30800899,159,Sp. Eq (Exclusive),★★★★★,Tactical Headwear,112602463,416 Mod,25,-,20,-,-,-,10%,-,-,-,-,-,-,-,30000,10,MAX,6,
30820282,89,Cape (Body),★★★★,Urban Camouflage Cape,-,-,-,-,-,-3.0000,-,-,8.648%,-,-,-,-,-,-,-,0,0,,0,
30924343,58,X Exo (Body),★★★★★,IOP X4 Exoskeleton,-,-,-,-,9.1372,-,-,-,-,-,-,-,-,-,-,-,0,0,,0,
31142098,89,Cape (Body),★★★★,Urban Camouflage Cape,-,-,-,-,-,-3.0000,-,-,8.7054%,-,-,-,-,-,-,-,0,0,,0,
31804782,117,Sp. Eq (Exclusive),★★★★★,Glorylight,-,-,-,-,-,-,-,-,-,-,-,-,-,-,100.0000%,-,1,0,MAX,0,
31818448,80,Slug (Shell),★★★★★,SABOT Slug,111421916,FP-6,-,18.5286,-,-,-,-,-,-,-,-,-,-,-,-,10000,10,,0,
32024408,58,X Exo (Body),★★★★★,IOP X4 Exoskeleton,-,-,-,-,20,-,-,-,-,-,-,-,-,-,-,-,10000,10,MAX,6,
32128156,68,MG Box (Body),★★★★★,IOP Maximum Ammo Box,-,-,-,-,-2.6758,-,-,-,-,-,-,-,-,-,-,2.0973,1,0,,0,
32138810,71,HP (Ammo),★★★★,ILM Hollow-Point Ammo,-,-,7.0737,-,-,-,-,-,-,-5.2454,-,-,-,-,-,-,5000,10,,0,
32321664,4,Optical (Acc),★★★★★,VFL 6-24X56,-,-,-,-,-,-,-,48%,-,-,-,-,-,-,-,-,10000,10,MAX,16,
32468083,57,X Exo (Body),★★★★,IOP X3 Exoskeleton,-,-,-,-,6.5078,-,-,-,-,-,-,-,-,-,-,-,0,0,,0,
32528638,58,X Exo (Body),★★★★★,IOP X4 Exoskeleton,111116004,Stechkin Mod,-,-,20,-,-,-,-,-,-,-,-,-,-,-,10000,10,MAX,10,
32530830,110,HV (Ammo),★★★★★,16Lab High-Velocity Ammo,102957108,M4A1 Mod,20.0000,-,-,-,-,-,-,-,-,-,-,-,-,-,10000,10,MAX,0,
32554718,76,Buck (Shell),★★★★★,#000 Buckshot,-,-,15,-,-,-,-,-,22%,-,-,-,-,-,-,-,10000,10,MAX,6,
32579770,130,Sp. Eq (Exclusive),★★★★★,Gr G36 Hybrid Sight,-,-,-,8,-,-,-,48%,-,-,-,-,-,-,-,-,30000,10,MAX,13,
32580672,95,HP (Ammo),★★★★★,16Lab Hollow-Point,111116004,Stechkin Mod,15.0000,-,-,-,-,-,-,-7.0000,-,-,-,-,-,-,10000,10,MAX,0,
32604855,4,Optical (Acc),★★★★★,VFL 6-24X56,-,-,-,-,-,-,-,48%,-,-,-,-,-,-,-,-,10000,10,MAX,6,
32619211,90,Cape (Body),★★★★★,Thermoptic Camouflage Cape,107463455,M82A1,-,-,-,-3.0000,-,-,25%,-,-,-,-,-,-,-,10000,10,MAX,6,
32660574,32,HV (Ammo),★★★★★,APCR High-Velocity Ammo,102652598,AK-12,20,-,-,-,-,-,-,-,-,-,-,-,-,-,10000,10,MAX,5,
32763045,57,X Exo (Body),★★★★,IOP X3 Exoskeleton,-,-,-,-,6.8366,-,-,-,-,-,-,-,-,-,-,-,0,0,,0,
32788680,58,X Exo (Body),★★★★★,IOP X4 Exoskeleton,-,-,-,-,14.2026,-,-,-,-,-,-,-,-,-,-,-,10000,10,,0,
32789795,58,X Exo (Body),★★★★★,IOP X4 Exoskeleton,113598076,M950A Mod,-,-,20,-,-,-,-,-,-,-,-,-,-,-,10000,10,MAX,2,
32791624,57,X Exo (Body),★★★★,IOP X3 Exoskeleton,-,-,-,-,6.5101,-,-,-,-,-,-,-,-,-,-,-,0,0,,0,
32840996,198,Sp. Eq (Exclusive),★★★★★,Wooden Grips,-,-,-,-,9.2413,-,-,17.5124%,-,-,-,-,-,-,-,-,1,0,,0,
32953433,44,Plate (Body),★★★★★,Type 3 Armor Plate,-,-,-,-,-2.6149,-,-,-,-,-,6.0976,-,-,-,-,-,1,0,,0,
33010188,58,X Exo (Body),★★★★★,IOP X4 Exoskeleton,-,-,-,-,8.4268,-,-,-,-,-,-,-,-,-,-,-,0,0,,0,
33013289,72,HP (Ammo),★★★★★,ILM Hollow-Point Ammo,102320522,M1895 Mod,15,-,-,-,-,-,-,-7,-,-,-,-,-,-,10000,10,MAX,16,
33035874,129,Sp. Eq (Exclusive),★★★★★,M2 Bipod,102482228,M14 Mod,-,10,-,-,-,48%,-,-,-,-,-,-,-,-,30000,10,MAX,26,
33122465,221,Sp. Eq (Exclusive),★★★★★,Magnetic Accelerated Rounds,138008132,Type88 Mod,5,-,-,-,-,-,-,180,-,-,-,-,-,-,30000,10,MAX,14,
33136263,156,Sp. Eq (Exclusive),★★★★★,AMP COMPSP,-,-,7.0885,11.9010,15,-,-,-,-,-,-,-,-,-,-,-,30000,10,,0,
33140574,252,Sp. Eq (Exclusive),★★★★★,Grimoire Vol. II,171152990,Hanazono Yurine,10,5,-,-,-,50%,-,-,-,-,-,-,-,-,30000,10,MAX,26,
33187144,180,Sp. Eq (Exclusive),★★★★★,Tactical Grip,106039356,Makarov Mod,-,-,22,-,-,18.6668%,-,-,-,-,-,-,-,-,30000,10,,5,
33189813,254,Sp. Eq (Exclusive),★★★★★,Donut of Sweet Dreams,171153316,Pekola,-,-,-,-3.0000,-,-,45%,-,-,-,-,-,-,-,30000,10,MAX,6,
33189815,251,Sp. Eq (Exclusive),★★★★★,Demonic Bell,-,-,-,14.3154,3.7482,-,-,-,-,-,-,-,-,-,-,-,1,0,,0,
33189829,255,Sp. Eq (Exclusive),★★★★★,Paper Bag Helmet,171697344,Medusa,18,-,-,-,23.50,-,-50.0000%,-,-,-,-,-,-,-,30000,10,,3,
33189831,253,Sp. Eq (Exclusive),★★★★★,Miraculous Curry Ladle,-,-,4.202,-,20.5605,-,-,-,-,-,-,-,-,-,-,-,1,0,,0,
33189876,57,X Exo (Body),★★★★,IOP X3 Exoskeleton,-,-,-,-,6.5349,-,-,-,-,-,-,-,-,-,-,-,0,0,,0,
33261458,31,HV (Ammo),★★★★,JHP High-Velocity Ammo,-,-,6.7604,-,-,-,-,-,-,-,-,-,-,-,-,-,1,0,,0,
33268458,89,Cape (Body),★★★★,Urban Camouflage Cape,-,-,-,-,-,-3.0000,-,-,8.9458%,-,-,-,-,-,-,-,0,0,,0,
33268542,72,HP (Ammo),★★★★★,ILM Hollow-Point Ammo,111224157,Five-seven,15,-,-,-,-,-,-,-7,-,-,-,-,-,-,10000,10,MAX,7,
33305852,72,HP (Ammo),★★★★★,ILM Hollow-Point Ammo,113594541,Contender,15,-,-,-,-,-,-,-7,-,-,-,-,-,-,10000,10,MAX,6,
33338702,44,Plate (Body),★★★★★,Type 3 Armor Plate,132188822,M870,-,-,-2,-,-,-,-,-,11,-,-,-,-,-,10000,10,MAX,3,
33504122,211,Sp. Eq (Exclusive),★★★★★,Arisaka AP Rounds,110258557,4 Shiki,10,-,-,-,-,-,-,180,-,-,-,-,-,-,30000,10,MAX,16,
33516212,234,Processor Chip (Body),★★★★★,#2 Processor,110023882,Ribeyrolles Mod,15,-,-,-,25,-,-50.0000%,-,-,-,-,-,-,-,10000,10,MAX,6,
33516263,233,Processor Chip (Body),★★★★,#1 Processor,-,-,4.6288,-,-,-,8.7696,-,-50.0000%,-,-,-,-,-,-,-,0,0,,0,
33555817,234,Processor Chip (Body),★★★★★,#2 Processor,102357177,AS Val Mod,15,-,-,-,25,-,-50.0000%,-,-,-,-,-,-,-,10000,10,MAX,16,
33555818,233,Processor Chip (Body),★★★★,#1 Processor,-,-,4.6924,-,-,-,9.1986,-,-50.0000%,-,-,-,-,-,-,-,0,0,,0,
33569776,233,Processor Chip (Body),★★★★,#1 Processor,-,-,5.0584,-,-,-,8.8328,-,-50.0000%,-,-,-,-,-,-,-,0,0,,0,
33597127,233,Processor Chip (Body),★★★★,#1 Processor,-,-,4.6434,-,-,-,8.9730,-,-50.0000%,-,-,-,-,-,-,-,0,0,,0,
33597131,233,Processor Chip (Body),★★★★,#1 Processor,-,-,4.8844,-,-,-,9.3550,-,-50.0000%,-,-,-,-,-,-,-,0,0,,0,
33617220,228,SLAP (Ammo),★★★★,Mk900 SLAP,102395243,Gr MG5,-,-,-,-,-5.0000,-,-,382.8680,-,-,-,-,-,-,5000,10,,0,
33617221,229,SLAP (Ammo),★★★★★,Mk1000 SLAP,-,-,-,-,-,-,-5.0000,-,-,500,-,-,-,-,-,-,10000,10,MAX,17,
33617222,228,SLAP (Ammo),★★★★,Mk900 SLAP,-,-,-,-,-,-,-5.0000,-,-,389.4140,-,-,-,-,-,-,5000,10,,0,
33617225,228,SLAP (Ammo),★★★★,Mk900 SLAP,-,-,-,-,-,-,-5.0000,-,-,395.5700,-,-,-,-,-,-,5000,10,,0,
33632798,233,Processor Chip (Body),★★★★,#1 Processor,-,-,4.9528,-,-,-,8.9010,-,-50.0000%,-,-,-,-,-,-,-,0,0,,0,
33645804,72,HP (Ammo),★★★★★,ILM Hollow-Point Ammo,-,-,15,-,-,-,-,-,-,-7,-,-,-,-,-,-,10000,10,MAX,6,
33645805,44,Plate (Body),★★★★★,Type 3 Armor Plate,138135618,Triela,-,-,-2.1526,-,-,-,-,-,8.0387,-,-,-,-,-,10000,10,,0,
33753718,233,Processor Chip (Body),★★★★,#1 Processor,-,-,4.8558,-,-,-,8.6252,-,-50.0000%,-,-,-,-,-,-,-,0,0,,0,
33793408,233,Processor Chip (Body),★★★★,#1 Processor,129138999,AUG,7.7144,-,-,-,13.5244,-,-50.0000%,-,-,-,-,-,-,-,5000,10,,0,
33810202,233,Processor Chip (Body),★★★★,#1 Processor,-,-,4.8550,-,-,-,8.9290,-,-50.0000%,-,-,-,-,-,-,-,0,0,,0,
33836500,233,Processor Chip (Body),★★★★,#1 Processor,-,-,4.6408,-,-,-,8.8356,-,-50.0000%,-,-,-,-,-,-,-,0,0,,0,
33850840,266,Sp. Eq (Exclusive),★★★★★,ImpulsIIA/C,109716585,Px4 Storm,-,-,25,-,-,20%,-,-,-,-,-,-,-,-,30000,10,MAX,16,
33861860,234,Processor Chip (Body),★★★★★,#2 Processor,102652598,AK-12,15,-,-,-,25,-,-50.0000%,-,-,-,-,-,-,-,10000,10,MAX,6,
33862357,233,Processor Chip (Body),★★★★,#1 Processor,-,-,4.7582,-,-,-,8.8514,-,-50.0000%,-,-,-,-,-,-,-,0,0,,0,
33874993,224,RMR (Acc),★★★★★,RMR T4 Red Dot Sight,109167722,Python,-,20,-,-,-,30%,-,-,-,-,-,-,-,-,10000,10,MAX,15,
33875347,158,Sp. Eq (Exclusive),★★★★★,Acceleration Coil,138008132,Type88 Mod,5,-,-,-,-,50%,-,-,-,-,-,-,-,-,30000,10,MAX,16,
33934255,233,Processor Chip (Body),★★★★,#1 Processor,180172508,FX-05,7.1684,-,-,-,13.2860,-,-50.000%,-,-,-,-,-,-,-,5000,10,,0,
33962384,216,Sp. Eq (Exclusive),★★★★★,20-gauge Custom Slug Rounds,-,-,6.9752,-,-,-,-,13.3137%,-,-,-,-,-,-,-,-,1,0,,0,
33969715,234,Processor Chip (Body),★★★★★,#2 Processor,136172727,Gr G36 Mod,15,-,-,-,25,-,-50.000%,-,-,-,-,-,-,-,10000,10,MAX,6,
34009389,234,Processor Chip (Body),★★★★★,#2 Processor,102490396,AN-94 Mod,15,-,-,-,25,-,-50.0000%,-,-,-,-,-,-,-,10000,10,MAX,6,
34018506,259,Sp. Eq (Exclusive),★★★★★,Old Camouflage Uniform,178021339,Mondragon M1908,-,-,-,-,-,-,41.4%,-,-,-,-,-,-,-,30000,10,,2,
34172413,20,AP (Ammo),★★★★★,Mk211 High-Explosive Armor-Piercing Ammo,172551658,VSK-94,-,-,-,-,-,-,-,168.7215,-,-,-,-,-,-,10000,10,,0,
34193404,181,Sp. Eq (Exclusive),★★★★★,RIP380ACP,102469349,Skorpion,20,-,-,-,-4.0000,-,-,-8.9998,-,-,-,-,-,-,30000,10,,2,
34357328,8,EOT (Holographic),★★★★★,EOT 518,-,-,4.1456,6.8852,-,-,-5.764,-,-,-,-,-,-,-,-,-,0,0,,0,
34370419,236,Sp. Eq (Exclusive),★★★★★,Thompson's Exoskeleton,110109188,Thompson,-8.0000,-,34.3960,-,-,-,-,-,-,-,-,-,-,-,30000,10,,0,
34385644,265,Sp. Eq (Exclusive),★★★★★,Synthetic Pistol Grip,107162736,M37,4.496,25.6432,-,-,-,-,-,-,-,-,-,-,-,-,30000,10,,0,
34492146,197,Sp. Eq (Exclusive),★★★★★,Mk31 Multi-functional Exoskeleton,152855616,Suomi,-6.0000,-,47.0000,-,-,-,-,-,-,-,-,-,-,-,30000,10,MAX,0,
34674381,227,SNIP (Ammo),★★★★★,M1022 Sniper Rounds,171153316,Pekola,10,-,-,-,-,-,-,120,-,-,-,-,-,-,10000,10,MAX,26,
34727124,223,RMR (Acc),★★★★,RMR T2 Red Dot Sight,103457183,LWMMG Mod,-,12.160,-,-,-,19.4475%,-,-,-,-,-,-,-,-,5000,10,,0,
34776988,237,Sp. Eq (Exclusive),★★★★★,MkV Mobility Skeleton,108123493,Grizzly,-,-,29.9835,3.0000,-,-,-,-,-,-,-,-,-,-,30000,10,,0,
34819872,190,Sp. Eq (Exclusive),★★★★★,G-box,121932552,Gr G11 Mod,20.0000,10,-,-,-,-,25.0000%,-,-,-,-,-,-,-,30000,10,MAX,4,
34843077,72,HP (Ammo),★★★★★,ILM Hollow-Point Ammo,102324464,MP-446 Mod,15,-,-,-,-,-,-,-7,-,-,-,-,-,-,10000,10,MAX,16,
35091623,264,Sp. Eq (Exclusive),★★★★★,PK Exclusive Tripod,111044094,PK,8.0,4.6356,-,-,-,48.0%,-,-,-,-,-,-,-,-,30000,10,,4,
35109864,16,PEQ (Acc),★★★★★,PEQ-16A,145675864,Honey Badger,-,-,-,-,-,-,-,-,-,-,-,-,94.1653%,-,1,0,,0,
35273477,242,Sp. Eq (Exclusive),★★★★★,7N14,106942510,SVD,4,-,-,-,-,-,-,180,-,-,-,-,-,-,30000,10,MAX,6,
35475121,146,Sp. Eq (Exclusive),★★★★★,MIRD Class-5 Rounds,-,-,15,-,-,-,-,-,-,-10,-,-,-,-,-,-,1,0,,1,
35475129,149,Sp. Eq (Exclusive),★★★★★,Cybernetic Hands,-,-,3.6204,-,-2.3217,-,-,-,-,-,-,-,-,-,-,3.2533,1,0,,0,
35573678,145,Sp. Eq (Exclusive),★★★★★,Prosthetic Arm,-,-,2.552,-,-2.7747,-,-,-,-,-,6.6234,-,-,-,-,-,1,0,,0,
35591507,147,Sp. Eq (Exclusive),★★★★★,White Knight's Armor,182722363,Sei Asagiri,-,-,34,-,-,-,-,-,-,-,-,-,-,-,30000,10,MAX,4,
35636429,148,Sp. Eq (Exclusive),★★★★★,Prosthetic Eye,-,-,-,-,-,-3.0000,1.2098,-,18.3944%,-,-,-,-,-,-,-,3001,3,,0,
35672631,137,Sp. Eq (Exclusive),★★★★★,Adelhyde,182909371,Jill Stingray,-,-,15.0000,-,-,-,-,-,-,-,-,-,-,-,1,0,MAX,0,
35672632,138,Sp. Eq (Exclusive),★★★★★,Flanergide,-,-,-,-,15.0000,-,-,-,-,-,-,-,-,-,-,-,1,0,MAX,0,
35672633,139,Sp. Eq (Exclusive),★★★★★,Adelhyde,182909371,Jill Stingray,-,-,15.000,-,-,-,-,-,-,-,-,-,-,-,1,0,MAX,0,
35672634,140,Sp. Eq (Exclusive),★★★★★,Bronson Extract,-,-,-,-,15.0000,-,-,-,-,-,-,-,-,-,-,-,1,0,MAX,0,
35672635,141,Sp. Eq (Exclusive),★★★★★,Powdered Delta,-,-,-,-,15.0000,-,-,-,-,-,-,-,-,-,-,-,1,0,MAX,0,
35672636,142,Sp. Eq (Exclusive),★★★★★,Karmotrine,-,-,-,-,15.00,-,-,-,-,-,-,-,-,-,-,-,1,0,MAX,0,
35672637,143,Sp. Eq (Exclusive),★★★★★,Karmotrine,-,-,-,-,15.0000,-,-,-,-,-,-,-,-,-,-,-,1,0,MAX,0,
35672638,144,Sp. Eq (Exclusive),★★★★★,Karmotrine,182909371,Jill Stingray,-,-,15.0000,-,-,-,-,-,-,-,-,-,-,-,1,0,MAX,0,
35673110,227,SNIP (Ammo),★★★★★,M1022 Sniper Rounds,171152990,Hanazono Yurine,10,-,-,-,-,-,-,120,-,-,-,-,-,-,10000,10,MAX,6,
35803841,228,SLAP (Ammo),★★★★,Mk900 SLAP,-,-,-,-,-,-,-5.0000,-,-,386.4340,-,-,-,-,-,-,5000,10,,0,
35861884,226,SNIP (Ammo),★★★★,M33 Sniper Rounds,-,-,1.9346,-,-,-,-,-,-,58.0610,-,-,-,-,-,-,0,0,,0,
35881492,246,Sp. Eq (Exclusive),★★★★★,RBL Grip,-,-,-,-,8.1769,-,-,13.473%,-,-,-,-,-,-,-,-,1,0,,0,
35934823,32,HV (Ammo),★★★★★,APCR High-Velocity Ammo,103024214,K11,20,-,-,-,-,-,-,-,-,-,-,-,-,-,10000,10,MAX,3,
36036993,227,SNIP (Ammo),★★★★★,M1022 Sniper Rounds,119343315,R93,10,-,-,-,-,-,-,120,-,-,-,-,-,-,10000,10,MAX,26,
36049741,228,SLAP (Ammo),★★★★,Mk900 SLAP,-,-,-,-,-,-,-5.0000,-,-,400,-,-,-,-,-,-,5000,10,MAX,15,
36077648,227,SNIP (Ammo),★★★★★,M1022 Sniper Rounds,107463455,M82A1,10,-,-,-,-,-,-,120,-,-,-,-,-,-,10000,10,MAX,12,
36203806,250,Sp. Eq (Exclusive),★★★★★,MkQ Light Exoskeleton,145675864,Honey Badger,13.5,-,29.4,-,-,-,-,-,-,-,-,-,-,-,30000,10,,2,
36273340,248,Sp. Eq (Exclusive),★★★★★,9A High-Performance Chip,103147598,9A-91,15,-,-,-,25,-,-,-,-,-,-,-,-,-,30000,10,MAX,16,
36349936,49,PEQ (Acc),★★★★★,16Lab Infrared Designator,102357177,AS Val Mod,-,-,-,-,-,-,-,-,-,-,-,-,100.0000%,-,1,0,MAX,0,
36349939,109,Optical (Acc),★★★★★,16Lab 6-24X56,143752760,Kord,-,-,-,-,-,48.0000%,-,-,-,-,-,-,-,-,10000,10,MAX,0,
36349941,110,HV (Ammo),★★★★★,16Lab High-Velocity Ammo,102490396,AN-94 Mod,20.0000,-,-,-,-,-,-,-,-,-,-,-,-,-,10000,10,MAX,0,
36614426,247,Sp. Eq (Exclusive),★★★★★,Hydraulic Recoil Mitigation System,-,-,-,-,-,-,-,22.3810%,8.9206%,-,-,-,-,-,-,-,1,0,,0,
36726596,270,Sp. Eq (Exclusive),★★★★★,OMEGA Rail,-,-,1.9038,10.6886,-,-,-,13.7074%,-,-,-,-,-,-,-,-,1,0,,0,
36821262,234,Processor Chip (Body),★★★★★,#2 Processor,156805742,AK-15 Mod,15,-,-,-,25,-,-50.00%,-,-,-,-,-,-,-,10000,10,MAX,6,
36821263,234,Processor Chip (Body),★★★★★,#2 Processor,103024214,K11,15,-,-,-,25,-,-50.0000%,-,-,-,-,-,-,-,10000,10,MAX,5,
36910131,20,AP (Ammo),★★★★★,Mk211 High-Explosive Armor-Piercing Ammo,-,-,-,-,-,-,-,-,-,119.9540,-,-,-,-,-,-,1,0,,0,
36982951,223,RMR (Acc),★★★★,RMR T2 Red Dot Sight,-,-,-,6.8604,-,-,-,9.7977%,-,-,-,-,-,-,-,-,0,0,,0,
36983208,89,Cape (Body),★★★★,Urban Camouflage Cape,-,-,-,-,-,-3.0000,-,-,9.3028%,-,-,-,-,-,-,-,0,0,,0,
36983218,15,PEQ (Acc),★★★★,PEQ-15,-,-,-,-,-,-,-,-,-,-,-,-,-,-,80.9401%,-,0,0,,0,
36997247,217,Sp. Eq (Exclusive),★★★★★,SB 2.5-10x56,110067440,WA2000,5.0000,-,-,-,-,50.0000%,-,-,-,-,-,-,-,-,30000,10,MAX,0,
37012502,223,RMR (Acc),★★★★,RMR T2 Red Dot Sight,-,-,-,7.1637,-,-,-,11.1318%,-,-,-,-,-,-,-,-,0,0,,0,
37051655,157,Sp. Eq (Exclusive),★★★★★,LED Weapon Light,-,-,10,15,15.0000,-,-,-,-,-,-,-,-,-,-,-,30000,10,MAX,6,
37051657,213,Sp. Eq (Exclusive),★★★★★,Special Ops Bag,117159463,Welrod MkⅡ Mod,-,-,25,-,-,-,-,-,5,-,-,-,-,-,30000,10,MAX,6,
37066403,89,Cape (Body),★★★★,Urban Camouflage Cape,-,-,-,-,-,-3.0000,-,-,9.5430%,-,-,-,-,-,-,-,0,0,,0,
37113892,276,Sp. Eq (Exclusive),★★★★★,M13 Receiver,-,-,-,-,7.9528,-,-,12.5751%,-,-,-,-,-,-,-,-,1,0,,0,
37190141,20,AP (Ammo),★★★★★,Mk211 High-Explosive Armor-Piercing Ammo,-,-,-,-,-,-,-,-,-,110.2690,-,-,-,-,-,-,1,0,,0,
37236176,227,SNIP (Ammo),★★★★★,M1022 Sniper Rounds,176924163,General Liu,10,-,-,-,-,-,-,120,-,-,-,-,-,-,10000,10,MAX,14,
37236180,20,AP (Ammo),★★★★★,Mk211 High-Explosive Armor-Piercing Ammo,-,-,-,-,-,-,-,-,-,131.6645,-,-,-,-,-,-,450,2,,0,
37310068,288,Sp. Eq (Exclusive),★★★★★,CS Red Dot Sight,-,-,3.5928,16.6770,-,-,-4.000,-,-,-,-,-,-,-,-,-,1,0,,0,
37500620,283,Sp. Eq (Exclusive),★★★★★,Barrett QDL,107463455,M82A1,10,-,-,-,-,48%,-,-,-,-,-,-,-,-,30000,10,MAX,13,
37640656,90,Cape (Body),★★★★★,Thermoptic Camouflage Cape,169159555,SVCh,-,-,-,-3.0000,-,-,25%,-,-,-,-,-,-,-,10000,10,MAX,6,
37650757,105,Sp. Eq (Exclusive),★★★★★,PM 5-25X56,-,-,-,-,-,-,-,24.0000%,10.000%,-,-,-,-,-,-,-,1,0,MAX,0,
37848150,282,Sp. Eq (Exclusive),★★★★★,64 Shiki Sniper Scope,-,-,-,-,-,-,-,18.0976%,9.5784%,-,-,-,-,-,-,-,1,0,,0,
38081798,225,Flare (Ammo),★★★★★,Signal Flare,121701183,K5,-,-,-,-,-1,-,-,-,-,-,-,-,-,-,1,0,MAX,6,
38121836,277,Sp. Eq (Exclusive),★★★★★,DHG Extended Handguard,-,-,-,8.0,14,3.0000,-,-,-,-,-,-,-,-,-,-,30000,10,,2,
38137099,40,T Exo (Body),★★★★★,IOP T4 Exoskeleton,-,-,-7.8890,-,21.4590,-,-,-,-,-,-,-,-,-,-,-,0,0,,0,
38148158,57,X Exo (Body),★★★★,IOP X3 Exoskeleton,-,-,-,-,6.3188,-,-,-,-,-,-,-,-,-,-,-,0,0,,0,
38148841,228,SLAP (Ammo),★★★★,Mk900 SLAP,-,-,-,-,-,-,-5.0000,-,-,197.1980,-,-,-,-,-,-,0,0,,0,
38148843,229,SLAP (Ammo),★★★★★,Mk1000 SLAP,-,-,-,-,-,-,-5.0000,-,-,500,-,-,-,-,-,-,10000,10,MAX,14,
38149612,39,T Exo (Body),★★★★,IOP T3 Exoskeleton,-,-,-5.466,-,14.2348,-,-,-,-,-,-,-,-,-,-,-,0,0,,0,
38157386,249,Sp. Eq (Exclusive),★★★★★,SR3 Special Suppressor,-,-,6.000,10.000,10.0000,-,-,-,-,-,-,-,-,-,-,-,1,0,MAX,0,
38179616,90,Cape (Body),★★★★★,Thermoptic Camouflage Cape,119343315,R93,-,-,-,-3.0000,-,-,25%,-,-,-,-,-,-,-,10000,10,MAX,5,
38215570,32,HV (Ammo),★★★★★,APCR High-Velocity Ammo,171697344,Medusa,13.3325,-,-,-,-,-,-,-,-,-,-,-,-,-,10000,10,,0,
38215594,228,SLAP (Ammo),★★★★,Mk900 SLAP,-,-,-,-,-,-,-5.0000,-,-,197.4890,-,-,-,-,-,-,0,0,,0,
38231920,62,Sp. Eq (Exclusive),★★★★★,GSG UX Exoskeleton,103594521,Gr MP5 Mod,-6,-,58,-,-,-,-,-,-,-,-,-,-,-,30000,10,MAX,26,
38253338,229,SLAP (Ammo),★★★★★,Mk1000 SLAP,198112893,M1919A4,-,-,-,-,-5.0000,-,-,485.9920,-,-,-,-,-,-,10000,10,,0,
38253354,229,SLAP (Ammo),★★★★★,Mk1000 SLAP,103457183,LWMMG Mod,-,-,-,-,-5.0000,-,-,486.0,-,-,-,-,-,-,10000,10,,2,
38253357,228,SLAP (Ammo),★★★★,Mk900 SLAP,-,-,-,-,-,-,-5.0000,-,-,197.6710,-,-,-,-,-,-,0,0,,0,
38253360,229,SLAP (Ammo),★★★★★,Mk1000 SLAP,150169996,Gr MG4 Mod,-,-,-,-,-5.0000,-,-,500,-,-,-,-,-,-,10000,10,MAX,8,
38261229,133,Sp. Eq (Exclusive),★★★★★,Stechkin Buttstock,111116004,Stechkin Mod,-,4,10,-,-,20%,-,-,-,-,-,-,-,-,30000,10,MAX,6,
38293346,224,RMR (Acc),★★★★★,RMR T4 Red Dot Sight,153418858,CAR,-,18.3146,-,-,-,26.8060%,-,-,-,-,-,-,-,-,10000,10,,0,
38411014,305,SF Taclight (Acc),★★★★★,S.F. Modified Tactical Light,111224157,Five-seven,-,-,8,-,-,-,-,-,-,-,-,-,-,-,10000,10,MAX,4,
38411040,194,Sp. Eq (Exclusive),★★★★★,Tactical Rails,132232112,Serdyukov,-,-,22,-,-,18.6668%,-,-,-,-,-,-,-,-,30000,10,,8,
38423176,39,T Exo (Body),★★★★,IOP T3 Exoskeleton,-,-,-5.6134,-,14.5174,-,-,-,-,-,-,-,-,-,-,-,0,0,,0,
38438729,292,Sp. Eq (Exclusive),★★★★★,Recoil Reduction Kit,-,-,3.4248,12.9356,-,-,-,-,-,-,-,-,-,-,-,-,1,0,,0,
38522652,224,RMR (Acc),★★★★★,RMR T4 Red Dot Sight,113594541,Contender,-,17.9132,-,-,-,26.148%,-,-,-,-,-,-,-,-,10000,10,,0,
38522654,90,Cape (Body),★★★★★,Thermoptic Camouflage Cape,102482228,M14 Mod,-,-,-,-3.0000,-,-,25%,-,-,-,-,-,-,-,10000,10,MAX,6,
38601270,266,Sp. Eq (Exclusive),★★★★★,ImpulsIIA/C,-,-,-,-,13.6944,-,-,8.8766%,-,-,-,-,-,-,-,-,1,0,,0,
38633761,58,X Exo (Body),★★★★★,IOP X4 Exoskeleton,-,-,-,-,8.4740,-,-,-,-,-,-,-,-,-,-,-,1,0,,0,
38633784,89,Cape (Body),★★★★,Urban Camouflage Cape,-,-,-,-,-,-3.0000,-,-,8.7932%,-,-,-,-,-,-,-,0,0,,0,
38639074,234,Processor Chip (Body),★★★★★,#2 Processor,123228841,K2,12.5853,-,-,-,21.3688,-,-50.0000%,-,-,-,-,-,-,-,10000,10,,0,
38703941,80,Slug (Shell),★★★★★,SABOT Slug,-,-,-,9.4256,-,-,-,-,-,-,-,-,-,-,-,-,0,0,,0,
38715719,218,Sp. Eq (Exclusive),★★★★★,High-Performance Camouflaged Exoskeleton,-,-,-,-,23.1398,-,-,-,-,-,-,-,-,-,-,-,10101,6,,0,
38741077,192,Sp. Eq (Exclusive),★★★★★,Beloved Dangle,108050740,RO635 Mod,-6,-,45,-,-,-,-,-,-,-,-,-,-,-,30000,10,MAX,16,
38741278,195,Sp. Eq (Exclusive),★★★★★,.357 Jacketed Hollow Point Rounds,-,-,10.1473,-,-,-,-,-,-,-8.8669,-,-,-,-,-,-,3026,3,,0,
38755295,224,RMR (Acc),★★★★★,RMR T4 Red Dot Sight,193910907,MG338,-,18.5,-,-,-,30%,-,-,-,-,-,-,-,-,10000,10,,2,
38760560,235,Flash (Shell),★★★★★,Shotgun Flash Shells,177704954,LTLX7000,-,20,-,-,-,-,-,-,-,-,-,-,-,-,10000,10,MAX,4,
38770951,89,Cape (Body),★★★★,Urban Camouflage Cape,-,-,-,-,-,-3.0000,-,-,8.5238%,-,-,-,-,-,-,-,0,0,,0,
38779116,40,T Exo (Body),★★★★★,IOP T4 Exoskeleton,-,-,-7.2564,-,30.4458,-,-,-,-,-,-,-,-,-,-,-,10000,10,,0,
38781914,39,T Exo (Body),★★★★,IOP T3 Exoskeleton,-,-,-5.7899,-,14.876,-,-,-,-,-,-,-,-,-,-,-,0,0,,0,
38785962,89,Cape (Body),★★★★,Urban Camouflage Cape,-,-,-,-,-,-3.0000,-,-,8.8750%,-,-,-,-,-,-,-,0,0,,0,
38785967,89,Cape (Body),★★★★,Urban Camouflage Cape,-,-,-,-,-,-3.0000,-,-,8.7612%,-,-,-,-,-,-,-,0,0,,0,
38785969,89,Cape (Body),★★★★,Urban Camouflage Cape,-,-,-,-,-,-3.0000,-,-,8.6346%,-,-,-,-,-,-,-,0,0,,0,
38786072,229,SLAP (Ammo),★★★★★,Mk1000 SLAP,153418858,CAR,-,-,-,-,-5.0000,-,-,487.1320,-,-,-,-,-,-,10000,10,,1,
38790321,226,SNIP (Ammo),★★★★,M33 Sniper Rounds,-,-,1.532,-,-,-,-,-,-,56.3740,-,-,-,-,-,-,0,0,,0,
38790324,20,AP (Ammo),★★★★★,Mk211 High-Explosive Armor-Piercing Ammo,-,-,-,-,-,-,-,-,-,114.4140,-,-,-,-,-,-,0,0,,0,
38790326,227,SNIP (Ammo),★★★★★,M1022 Sniper Rounds,-,-,10,-,-,-,-,-,-,120,-,-,-,-,-,-,10000,10,MAX,16,
38791668,233,Processor Chip (Body),★★★★,#1 Processor,-,-,5.3572,-,-,-,8.7630,-,-50.0000%,-,-,-,-,-,-,-,0,0,,0,
38791669,233,Processor Chip (Body),★★★★,#1 Processor,-,-,5.072,-,-,-,8.3432,-,-50.0000%,-,-,-,-,-,-,-,0,0,,0,
38791672,12,Red Dot (Acc),★★★★★,ITI MARS,-,-,-,11.5648,-,-,-2.8159,-,-,-,-,-,-,-,-,-,0,0,,0,
38792481,233,Processor Chip (Body),★★★★,#1 Processor,-,-,4.9926,-,-,-,8.4512,-,-50.0000%,-,-,-,-,-,-,-,0,0,,0,
38792633,309,Focus Chip (Body),★★★★★,Focus Chip,-,-,8.0,-,-,-,-15,-,23.7392%,-,-,-,-,-,-,-,10000,10,,1,
38792672,226,SNIP (Ammo),★★★★,M33 Sniper Rounds,-,-,2.0798,-,-,-,-,-,-,55.8530,-,-,-,-,-,-,0,0,,0,
38824542,223,RMR (Acc),★★★★,RMR T2 Red Dot Sight,-,-,-,6.3066,-,-,-,11.8089%,-,-,-,-,-,-,-,-,0,0,,0,
38856218,271,Sp. Eq (Exclusive),★★★★★,.357 Wadcutter Rounds,109167722,Python,20.0000,-,-,-,-,-,-,-7.0000,-,-,-,-,-,-,30000,10,MAX,0,
38879602,310,Rangefinder (Body),★★★★,M1050 LRF,-,-,1.8898,-,-,-,-,-,-,-,-,-,-,-,-,-,0,0,,0,
38879603,310,Rangefinder (Body),★★★★,M1050 LRF,-,-,2.372,-,-,-,-,-,-,-,-,-,-,-,-,-,0,0,,0,
38897311,310,Rangefinder (Body),★★★★,M1050 LRF,-,-,1.866,-,-,-,-,-,-,-,-,-,-,-,-,-,0,0,,0,
38897315,89,Cape (Body),★★★★,Urban Camouflage Cape,-,-,-,-,-,-3.0000,-,-,8.3908%,-,-,-,-,-,-,-,0,0,,0,
38901671,39,T Exo (Body),★★★★,IOP T3 Exoskeleton,-,-,-5.4866,-,14.9274,-,-,-,-,-,-,-,-,-,-,-,1,0,,0,
38912517,119,Sp. Eq (Exclusive),★★★★★,FÉLIN System Sight,-,-,3.5462,1.5783,-,-,-,20.6568%,-,-,-,-,-,-,-,-,0,0,,0,
38935317,294,Sp. Eq (Exclusive),★★★★★,ACR Fixed Stock,-,-,2.8354,-,-,-,-,18.4504%,-,-,-,-,-,-,-,-,1,0,,0,
38941052,32,HV (Ammo),★★★★★,APCR High-Velocity Ammo,180172508,FX-05,12.4192,-,-,-,-,-,-,-,-,-,-,-,-,-,2727,5,,0,
39046043,15,PEQ (Acc),★★★★,PEQ-15,-,-,-,-,-,-,-,-,-,-,-,-,-,-,80.5909%,-,0,0,,0,
39058539,59,Sp. Eq (Exclusive),★★★★★,National Match-Grade Armor-Piercing Ammo,-,-,-,-,-,-,3.1875,-,-,123.3790,-,-,-,-,-,-,0,0,,0,
39070056,233,Processor Chip (Body),★★★★,#1 Processor,-,-,4.9578,-,-,-,8.8514,-,-50.0000%,-,-,-,-,-,-,-,0,0,,0,
39118174,15,PEQ (Acc),★★★★,PEQ-15,-,-,-,-,-,-,-,-,-,-,-,-,-,-,81.7771%,-,0,0,,0,
39141731,226,SNIP (Ammo),★★★★,M33 Sniper Rounds,-,-,1.9482,-,-,-,-,-,-,56.7830,-,-,-,-,-,-,0,0,,0,
39147967,228,SLAP (Ammo),★★★★,Mk900 SLAP,-,-,-,-,-,-,-5.0000,-,-,196.3290,-,-,-,-,-,-,0,0,,0,
39156892,228,SLAP (Ammo),★★★★,Mk900 SLAP,-,-,-,-,-,-,-5.0000,-,-,195.8360,-,-,-,-,-,-,0,0,,0,
39156895,229,SLAP (Ammo),★★★★★,Mk1000 SLAP,-,-,-,-,-,-,-5.0000,-,-,245.6120,-,-,-,-,-,-,0,0,,0,
39170322,278,Sp. Eq (Exclusive),★★★★★,P22 Laser Pointer,127520128,P22,-,-,20,-,-,23.3335%,-,-,-,-,-,-,-,-,30000,10,,4,
39177750,295,Sp. Eq (Exclusive),★★★★★,M-LOK Handguard,-,-,-,-,-,-,-,26.7590%,9.1072%,-,-,-,-,-,-,-,1,0,,0,
39200148,225,Flare (Ammo),★★★★★,Signal Flare,117159463,Welrod MkⅡ Mod,-,-,-,-,-1,-,-,-,-,-,-,-,-,-,1,0,MAX,1,
39223754,228,SLAP (Ammo),★★★★,Mk900 SLAP,-,-,-,-,-,-,-5.000,-,-,196.1560,-,-,-,-,-,-,0,0,,0,
39223756,228,SLAP (Ammo),★★★★,Mk900 SLAP,-,-,-,-,-,-,-5.0000,-,-,197.3140,-,-,-,-,-,-,0,0,,0,
39223757,229,SLAP (Ammo),★★★★★,Mk1000 SLAP,-,-,-,-,-,-,-5.0000,-,-,244.6960,-,-,-,-,-,-,0,0,,0,
39242960,229,SLAP (Ammo),★★★★★,Mk1000 SLAP,-,-,-,-,-,-,-5.0000,-,-,241.8660,-,-,-,-,-,-,0,0,,0,
39242961,229,SLAP (Ammo),★★★★★,Mk1000 SLAP,-,-,-,-,-,-,-5.0000,-,-,243.1130,-,-,-,-,-,-,0,0,,0,
39257048,310,Rangefinder (Body),★★★★,M1050 LRF,-,-,1.9592,-,-,-,-,-,-,-,-,-,-,-,-,-,0,0,,0,
39291292,305,SF Taclight (Acc),★★★★★,S.F. Modified Tactical Light,102320522,M1895 Mod,-,-,8,-,-,-,-,-,-,-,-,-,-,-,10000,10,MAX,4,
39291324,114,Sp. Eq (Exclusive),★★★★★,MP446C Match Barrel,102324464,MP-446 Mod,-,3,8,-,-,14.0001%,-,-,-,-,-,-,-,-,1051,1,,3,
39291330,71,HP (Ammo),★★★★,ILM Hollow-Point Ammo,-,-,4.5044,-,-,-,-,-,-,-5.5428,-,-,-,-,-,-,0,0,,0,
39291332,71,HP (Ammo),★★★★,ILM Hollow-Point Ammo,-,-,4.764,-,-,-,-,-,-,-5.7678,-,-,-,-,-,-,0,0,,0,
39292488,225,Flare (Ammo),★★★★★,Signal Flare,113598076,M950A Mod,-,-,-,-,-1,-,-,-,-,-,-,-,-,-,0,0,MAX,3,
39296824,238,Sp. Eq (Exclusive),★★★★★,9x18mm FTX,106039356,Makarov Mod,14.0002,-,-,-,-,-,-,-,-,-,-,-,-,-,30000,10,,2,
39297326,16,PEQ (Acc),★★★★★,PEQ-16A,-,-,-,-,-,-,-,-,-,-,-,-,-,-,96.9526%,-,1,0,,0,
39317183,16,PEQ (Acc),★★★★★,PEQ-16A,-,-,-,-,-,-,-,-,-,-,-,-,-,-,95.6935%,-,0,0,,0,
39317299,231,Birdshot (Shell),★★★★★,#7.5 Birdshot,-,-,-,-,-,-,6.8116,-,-15.1030%,-,-,-,-,-,-,-,1,0,,0,
39317300,228,SLAP (Ammo),★★★★,Mk900 SLAP,-,-,-,-,-,-,-5.0000,-,-,192.9020,-,-,-,-,-,-,1,0,,0,
39325739,74,Buck (Shell),★★★,#0 Buckshot,-,-,2.2813,-,-,-,-,-,5.2361%,-,-,-,-,-,-,-,0,0,,0,
39325740,74,Buck (Shell),★★★,#0 Buckshot,-,-,2.2415,-,-,-,-,-,5.178%,-,-,-,-,-,-,-,0,0,,0,
39325741,77,Slug (Shell),★★,BK Slug,-,-,-,1.4248,-,-,-,-,-,-,-,-,-,-,-,-,0,0,,0,
39325742,77,Slug (Shell),★★,BK Slug,-,-,-,1.2622,-,-,-,-,-,-,-,-,-,-,-,-,0,0,,0,
39325743,74,Buck (Shell),★★★,#0 Buckshot,-,-,2.0274,-,-,-,-,-,5.5608%,-,-,-,-,-,-,-,0,0,,0,
39325744,78,Slug (Shell),★★★,FST Slug,-,-,-,3.3119,-,-,-,-,-,-,-,-,-,-,-,-,0,0,,0,
39325745,73,Buck (Shell),★★,#1 Buckshot,-,-,1.0000,-,-,-,-,-,3.4779%,-,-,-,-,-,-,-,0,0,,0,
39325746,78,Slug (Shell),★★★,FST Slug,-,-,-,3.5462,-,-,-,-,-,-,-,-,-,-,-,-,0,0,,0,
39326823,18,AP (Ammo),★★★,M993 Armor-Piercing Ammo,-,-,-,-,-,-,-,-,-,67.180,-,-,-,-,-,-,0,0,,0,
39326824,232,Processor Chip (Body),★★★,Experimental Processor,-,-,1.2684,-,-,-,4.5562,-,-50.0000%,-,-,-,-,-,-,-,0,0,,0,
39326825,69,HP (Ammo),★★,ILM Hollow-Point Ammo,-,-,1.0000,-,-,-,-,-,-,-1.0000,-,-,-,-,-,-,0,0,MAX,0,
